timestamp,voltage,current,power,energy
1698524759,2.7210,0.0000,0.0000000,0.0000000
1698524764,2.7090,0.0000,0.0000000,0.0000000
1698524769,2.8250,-0.0010,-0.0028250,-0.0070625
1698524774,2.3850,0.0000,0.0000000,-0.0141250
1698524779,1.2890,0.0000,0.0000000,-0.0141250
1698524784,1.4490,0.0000,0.0000000,-0.0141250
1698524789,1.6290,0.0000,0.0000000,-0.0141250
1698524794,1.6410,0.0000,0.0000000,-0.0141250
1698524799,1.6570,0.0000,0.0000000,-0.0141250
1698524804,1.6570,0.0000,0.0000000,-0.0141250
1698524809,1.6570,0.0000,0.0000000,-0.0141250
1698524814,1.6690,0.0000,0.0000000,-0.0141250
1698524819,1.6690,0.0010,0.0016690,-0.0099525
1698524824,1.6650,0.0000,0.0000000,-0.0057800
1698524829,1.6690,0.0000,0.0000000,-0.0057800
1698524834,1.6610,0.0000,0.0000000,-0.0057800
1698524839,1.6610,0.0000,0.0000000,-0.0057800
1698524844,1.6570,0.0000,0.0000000,-0.0057800
1698524849,1.6450,0.0000,0.0000000,-0.0057800
1698524854,1.6570,0.0000,0.0000000,-0.0057800
1698524859,1.6530,0.0000,0.0000000,-0.0057800
1698524864,1.6530,-0.0010,-0.0016530,-0.0099125
1698524869,1.6570,0.0000,0.0000000,-0.0140450
1698524874,1.6570,0.0000,0.0000000,-0.0140450
1698524879,1.6530,-0.0010,-0.0016530,-0.0181775
1698524884,1.6530,0.0000,0.0000000,-0.0223100
1698524889,1.6530,0.0000,0.0000000,-0.0223100
1698524894,1.6530,0.0000,0.0000000,-0.0223100
1698524899,1.6490,0.0010,0.0016490,-0.0181875
1698524904,1.6530,0.0000,0.0000000,-0.0140650
1698524909,1.6530,0.0000,0.0000000,-0.0140650
1698524914,1.6530,0.0000,0.0000000,-0.0140650
1698524919,1.6450,0.0000,0.0000000,-0.0140650
1698524924,1.6490,-0.0010,-0.0016490,-0.0181875
1698524929,1.6490,-0.0020,-0.0032980,-0.0305550
1698524934,1.6490,-0.0010,-0.0016490,-0.0429225
1698524939,1.6530,-0.0010,-0.0016530,-0.0511775
1698524944,1.6410,0.0000,0.0000000,-0.0553100
1698524949,1.6530,0.0000,0.0000000,-0.0553100
1698524954,1.6530,0.0000,0.0000000,-0.0553100
1698524959,1.6250,0.0000,0.0000000,-0.0553100
1698524964,1.5650,0.0010,0.0015650,-0.0513975
1698524969,1.5930,-0.0010,-0.0015930,-0.0514675
1698524974,1.6290,0.0000,0.0000000,-0.0554500
1698524979,1.6050,0.0000,0.0000000,-0.0554500
1698524984,1.5610,0.0000,0.0000000,-0.0554500
1698524989,1.5090,-0.0010,-0.0015090,-0.0592225
1698524994,1.4650,0.0000,0.0000000,-0.0629950
1698524999,1.4930,-0.0010,-0.0014930,-0.0667275
1698525004,1.5370,0.0000,0.0000000,-0.0704600
1698525009,1.5850,0.0000,0.0000000,-0.0704600
1698525014,1.5970,-0.0010,-0.0015970,-0.0744525
1698525019,1.6170,0.0000,0.0000000,-0.0784450
1698525024,1.6210,0.0000,0.0000000,-0.0784450
1698525029,1.6250,0.0000,0.0000000,-0.0784450
1698525034,1.6290,-0.0010,-0.0016290,-0.0825175
1698525039,1.6210,-0.0010,-0.0016210,-0.0906425
1698525044,1.6290,0.0000,0.0000000,-0.0946950
1698525049,1.6130,-0.0010,-0.0016130,-0.0987275
1698525054,1.5610,0.0010,0.0015610,-0.0988575
1698525059,1.4650,-0.0010,-0.0014650,-0.0986175
1698525064,1.2530,-0.0010,-0.0012530,-0.1054125
1698525069,1.0250,-0.0010,-0.0010250,-0.1111075
1698525074,0.9210,-0.0010,-0.0009210,-0.1159725
1698525079,0.9130,0.0000,0.0000000,-0.1182750
1698525084,0.9290,0.0000,0.0000000,-0.1182750
1698525089,0.9690,-0.0010,-0.0009690,-0.1206975
1698525094,1.0290,-0.0010,-0.0010290,-0.1256925
1698525099,1.0290,0.0000,0.0000000,-0.1282650
1698525104,0.9970,-0.0010,-0.0009970,-0.1307575
1698525109,1.0490,-0.0010,-0.0010490,-0.1358725
1698525114,1.0970,-0.0010,-0.0010970,-0.1412375
1698525119,1.0890,0.0000,0.0000000,-0.1439800
1698525124,1.1370,0.0000,0.0000000,-0.1439800
1698525129,1.2530,0.0000,0.0000000,-0.1439800
1698525134,1.3970,-0.0010,-0.0013970,-0.1474725
1698525139,1.4410,-0.0010,-0.0014410,-0.1545675
1698525144,1.4130,-0.0010,-0.0014130,-0.1617025
1698525149,1.3450,0.0000,0.0000000,-0.1652350
1698525154,1.3850,-0.0010,-0.0013850,-0.1686975
1698525159,1.4330,-0.0010,-0.0014330,-0.1757425
1698525164,1.4090,-0.0010,-0.0014090,-0.1828475
1698525169,1.4090,-0.0010,-0.0014090,-0.1898925
1698525174,1.3890,0.0010,0.0013890,-0.1899425
1698525179,1.3730,0.0000,0.0000000,-0.1864700
1698525184,1.3410,-0.0010,-0.0013410,-0.1898225
1698525189,1.3490,-0.0010,-0.0013490,-0.1965475
1698525194,1.3610,0.0000,0.0000000,-0.1999200
1698525199,1.4290,-0.0010,-0.0014290,-0.2034925
1698525204,1.4650,-0.0010,-0.0014650,-0.2107275
1698525209,1.5130,0.0000,0.0000000,-0.2143900
1698525214,1.5330,0.0000,0.0000000,-0.2143900
1698525219,1.5210,0.0000,0.0000000,-0.2143900
1698525224,1.5290,0.0000,0.0000000,-0.2143900
1698525229,1.5050,0.0000,0.0000000,-0.2143900
1698525234,1.3970,-0.0010,-0.0013970,-0.2178825
1698525239,1.2170,-0.0010,-0.0012170,-0.2244175
1698525244,1.1210,-0.0010,-0.0011210,-0.2302625
1698525249,1.1850,0.0000,0.0000000,-0.2330650
1698525254,1.3570,-0.0010,-0.0013570,-0.2364575
1698525259,1.4570,0.0000,0.0000000,-0.2398500
1698525264,1.3730,-0.0010,-0.0013730,-0.2432825
1698525269,1.2370,-0.0010,-0.0012370,-0.2498075
1698525274,1.1370,0.0010,0.0011370,-0.2500575
1698525279,1.0650,-0.0010,-0.0010650,-0.2498775
1698525284,0.9930,0.0010,0.0009930,-0.2500575
1698525289,0.9450,0.0000,0.0000000,-0.2475750
1698525294,0.9130,-0.0010,-0.0009130,-0.2498575
1698525299,0.9370,-0.0010,-0.0009370,-0.2544825
1698525304,1.0010,-0.0010,-0.0010010,-0.2593275
1698525309,1.1130,-0.0010,-0.0011130,-0.2646125
1698525314,1.2450,0.0000,0.0000000,-0.2673950
1698525319,1.3490,0.0000,0.0000000,-0.2673950
1698525324,1.3730,0.0000,0.0000000,-0.2673950
1698525329,1.3930,0.0000,0.0000000,-0.2673950
1698525334,1.3570,-0.0010,-0.0013570,-0.2707875
1698525339,1.2810,-0.0010,-0.0012810,-0.2773825
1698525344,1.3610,-0.0010,-0.0013610,-0.2839875
1698525349,1.3890,-0.0010,-0.0013890,-0.2908625
1698525354,1.3650,0.0000,0.0000000,-0.2943350
1698525359,1.3130,0.0000,0.0000000,-0.2943350
1698525364,1.2330,0.0000,0.0000000,-0.2943350
1698525369,1.1250,-0.0010,-0.0011250,-0.2971475
1698525374,1.0690,-0.0010,-0.0010690,-0.3026325
1698525379,1.0810,-0.0010,-0.0010810,-0.3080075
1698525384,1.2170,-0.0010,-0.0012170,-0.3137525
1698525389,1.3770,0.0000,0.0000000,-0.3167950
1698525394,1.4410,0.0000,0.0000000,-0.3167950
1698525399,1.4530,0.0000,0.0000000,-0.3167950
1698525404,1.4490,-0.0010,-0.0014490,-0.3204175
1698525409,1.4290,-0.0010,-0.0014290,-0.3276125
1698525414,1.4130,-0.0020,-0.0028260,-0.3382500
1698525419,1.4170,0.0000,0.0000000,-0.3453150
1698525424,1.4090,0.0000,0.0000000,-0.3453150
1698525429,1.4210,0.0000,0.0000000,-0.3453150
1698525434,1.4290,-0.0010,-0.0014290,-0.3488875
1698525439,1.4290,-0.0010,-0.0014290,-0.3560325
1698525444,1.4050,-0.0010,-0.0014050,-0.3631175
1698525449,1.3970,0.0000,0.0000000,-0.3666300
1698525454,1.3890,-0.0010,-0.0013890,-0.3701025
1698525459,1.3890,-0.0010,-0.0013890,-0.3770475
1698525464,1.4370,-0.0010,-0.0014370,-0.3841125
1698525469,1.4410,0.0000,0.0000000,-0.3877050
1698525474,1.4090,0.0000,0.0000000,-0.3877050
1698525479,1.4250,-0.0010,-0.0014250,-0.3912675
1698525484,1.3930,0.0000,0.0000000,-0.3948300
1698525489,1.3490,-0.0010,-0.0013490,-0.3982025
1698525494,1.3690,-0.0010,-0.0013690,-0.4049975
1698525499,1.4010,0.0000,0.0000000,-0.4084200
1698525504,1.4090,0.0000,0.0000000,-0.4084200
1698525509,1.3890,-0.0010,-0.0013890,-0.4118925
1698525514,1.3610,-0.0010,-0.0013610,-0.4187675
1698525519,1.3730,0.0000,0.0000000,-0.4221700
1698525524,1.3770,0.0000,0.0000000,-0.4221700
1698525529,1.3850,-0.0010,-0.0013850,-0.4256325
1698525534,1.3890,-0.0010,-0.0013890,-0.4325675
1698525539,1.3850,0.0000,0.0000000,-0.4360400
1698525544,1.3850,0.0000,0.0000000,-0.4360400
1698525549,1.3690,0.0000,0.0000000,-0.4360400
1698525554,1.3690,0.0010,0.0013690,-0.4326175
1698525559,1.3690,-0.0010,-0.0013690,-0.4326175
1698525564,1.3490,-0.0010,-0.0013490,-0.4394125
1698525569,1.3250,0.0000,0.0000000,-0.4427851
1698525574,1.3010,0.0000,0.0000000,-0.4427851
1698525579,1.3010,0.0000,0.0000000,-0.4427851
1698525584,1.2930,0.0000,0.0000000,-0.4427851
1698525589,1.2770,0.0000,0.0000000,-0.4427851
1698525594,1.2890,0.0010,0.0012890,-0.4395625
1698525599,1.2930,-0.0010,-0.0012930,-0.4395725
1698525604,1.2810,-0.0010,-0.0012810,-0.4460075
1698525609,1.2570,-0.0010,-0.0012570,-0.4523526
1698525614,1.2,0.0000,0.0000000,-0.5216751
1698526004,0.7770,0.0000,0.0000000,-0.5216751
1698526009,0.7650,0.0010,0.0007650,-0.5197626
1698526014,0.7610,0.0000,0.0000000,-0.5178500
1698526019,0.7450,0.0010,0.0007450,-0.5159876
1698526024,0.7370,0.0000,0.0000000,-0.5141250
1698526029,0.7290,0.0000,0.0000000,-0.5141250
1698526034,0.7170,0.0000,0.0000000,-0.5141250
1698526039,0.7130,0.0000,0.0000000,-0.5141250
1698526044,0.7050,0.0000,0.0000000,-0.5141250
1698526049,0.7090,0.0010,0.0007090,-0.5123525
1698526054,0.7090,0.0000,0.0000000,-0.5105801
1698526059,0.7130,0.0010,0.0007130,-0.5087975
1698526064,0.7170,0.0000,0.0000000,-0.5070150
1698526069,0.7170,0.0000,0.0000000,-0.5070150
1698526074,0.7210,0.0000,0.0000000,-0.5070150
1698526079,0.7210,0.0000,0.0000000,-0.5070150
1698526084,0.7210,0.0010,0.0007210,-0.5052125
1698526089,0.7250,0.0000,0.0000000,-0.5034100
1698526094,0.7330,0.0000,0.0000000,-0.5034100
1698526099,0.7330,0.0010,0.0007330,-0.5015776
1698526104,0.7290,0.0010,0.0007290,-0.4979225
1698526109,0.7210,0.0000,0.0000000,-0.4961000
1698526114,0.7130,0.0010,0.0007130,-0.4943175
1698526119,0.7090,0.0000,0.0000000,-0.4925351
1698526124,0.7090,0.0000,0.0000000,-0.4925351
1698526129,0.7130,0.0000,0.0000000,-0.4925351
1698526134,0.7130,0.0010,0.0007130,-0.4907525
1698526139,0.7010,0.0000,0.0000000,-0.4889700
1698526144,0.6930,0.0010,0.0006930,-0.4872375
1698526149,0.6890,0.0000,0.0000000,-0.4855050
1698526154,0.6810,0.0000,0.0000000,-0.4855050
1698526159,0.6770,0.0010,0.0006770,-0.4838125
1698526164,0.6770,0.0000,0.0000000,-0.4821200
1698526169,0.6690,0.0000,0.0000000,-0.4821200
1698526174,0.6730,0.0000,0.0000000,-0.4821200
1698526179,0.6650,0.0000,0.0000000,-0.4821200
1698526184,0.6690,0.0000,0.0000000,-0.4821200
1698526189,0.6690,0.0000,0.0000000,-0.4821200
1698526194,0.6490,0.0000,0.0000000,-0.4821200
1698526199,0.6690,0.0000,0.0000000,-0.4821200
1698526204,0.6690,-0.0010,-0.0006690,-0.4837925
1698526209,0.6650,0.0000,0.0000000,-0.4854650
1698526214,0.6730,-0.0010,-0.0006730,-0.4871475
1698526219,0.6690,0.0000,0.0000000,-0.4888301
1698526224,0.6770,-0.0010,-0.0006770,-0.4905225
1698526229,0.6770,0.0000,0.0000000,-0.4922150
1698526234,0.6850,0.0010,0.0006850,-0.4905025
1698526239,0.6770,0.0000,0.0000000,-0.4887900
1698526244,0.6890,-0.0010,-0.0006890,-0.4905125
1698526249,0.6890,0.0000,0.0000000,-0.4922350
1698526254,0.6890,0.0000,0.0000000,-0.4922350
1698526259,0.6890,0.0000,0.0000000,-0.4922350
1698526264,0.7010,0.0000,0.0000000,-0.4922350
1698526269,0.7010,0.0000,0.0000000,-0.4922350
1698526274,0.7010,0.0010,0.0007010,-0.4904825
1698526279,0.7090,0.0000,0.0000000,-0.4887300
1698526284,0.7130,0.0000,0.0000000,-0.4887300
1698526289,0.7090,0.0000,0.0000000,-0.4887300
1698526294,0.7170,0.0000,0.0000000,-0.4887300
1698526299,0.7210,0.0000,0.0000000,-0.4887300
1698526304,0.7210,0.0010,0.0007210,-0.4869275
1698526309,0.7290,0.0010,0.0007290,-0.4833025
1698526314,0.7290,0.0010,0.0007290,-0.4796575
1698526319,0.7330,0.0000,0.0000000,-0.4778350
1698526324,0.7330,0.0010,0.0007330,-0.4760025
1698526329,0.7410,0.0000,0.0000000,-0.4741700
1698526334,0.7410,0.0010,0.0007410,-0.4723175
1698526339,0.7490,0.0000,0.0000000,-0.4704650
1698526344,0.7490,0.0000,0.0000000,-0.4704650
1698526349,0.7490,0.0000,0.0000000,-0.4704650
1698526354,0.7530,0.0010,0.0007530,-0.4685825
1698526359,0.7490,0.0010,0.0007490,-0.4648275
1698526364,0.7570,0.0000,0.0000000,-0.4629550
1698526369,0.7570,0.0010,0.0007570,-0.4610626
1698526374,0.7610,0.0010,0.0007610,-0.4572676
1698526379,0.7610,0.0000,0.0000000,-0.4553650
1698526384,0.7610,0.0000,0.0000000,-0.4553650
1698526389,0.7730,0.0000,0.0000000,-0.4553650
1698526394,0.7730,0.0000,0.0000000,-0.4553650
1698526399,0.7730,0.0010,0.0007730,-0.4534325
1698526404,0.7810,0.0000,0.0000000,-0.4515000
1698526409,0.7810,0.0000,0.0000000,-0.4515000
1698526414,0.7810,0.0010,0.0007810,-0.4495475
1698526419,0.7890,-0.0010,-0.0007890,-0.4495675
1698526424,0.7890,0.0000,0.0000000,-0.4515401
1698526429,0.7890,0.0010,0.0007890,-0.4495675
1698526434,0.7970,0.0000,0.0000000,-0.4475950
1698526439,0.8050,-0.0010,-0.0008050,-0.4496076
1698526444,0.8090,0.0000,0.0000000,-0.4516200
1698526449,0.8170,0.0000,0.0000000,-0.4516200
1698526454,0.8170,0.0000,0.0000000,-0.4516200
1698526459,0.8210,0.0000,0.0000000,-0.4516200
1698526464,0.8210,-0.0010,-0.0008210,-0.4536725
1698526469,0.8290,0.0000,0.0000000,-0.4557250
1698526474,0.8210,0.0000,0.0000000,-0.4557250
1698526479,0.8330,0.0000,0.0000000,-0.4557250
1698526484,0.8290,0.0000,0.0000000,-0.4557250
1698526489,0.8330,0.0000,0.0000000,-0.4557250
1698526494,0.8370,0.0000,0.0000000,-0.4557250
1698526499,0.8370,0.0000,0.0000000,-0.4557250
1698526504,0.8450,0.0000,0.0000000,-0.4557250
1698526509,0.8450,-0.0010,-0.0008450,-0.4578376
1698526514,0.8530,0.0000,0.0000000,-0.4599500
1698526519,0.8530,-0.0010,-0.0008530,-0.4620825
1698526524,0.8570,-0.0010,-0.0008570,-0.4663575
1698526529,0.8650,0.0000,0.0000000,-0.4685000
1698526534,0.8650,0.0010,0.0008650,-0.4663375
1698526539,0.8770,0.0000,0.0000000,-0.4641750
1698526544,0.8810,0.0000,0.0000000,-0.4641750
1698526549,0.8810,-0.0010,-0.0008810,-0.4663776
1698526554,0.8850,-0.0010,-0.0008850,-0.4707925
1698526559,0.8810,0.0000,0.0000000,-0.4730051
1698526564,0.8770,0.0000,0.0000000,-0.4730051
1698526569,0.8810,-0.0010,-0.0008810,-0.4752075
1698526574,0.8730,-0.0010,-0.0008730,-0.4795925
1698526579,0.8690,0.0000,0.0000000,-0.4817750
1698526584,0.8690,0.0000,0.0000000,-0.4817750
1698526589,0.8570,0.0000,0.0000000,-0.4817750
1698526594,0.8570,-0.0010,-0.0008570,-0.4839175
1698526599,0.8530,0.0000,0.0000000,-0.4860601
1698526604,0.8490,0.0000,0.0000000,-0.4860601
1698526609,0.8530,-0.0010,-0.0008530,-0.4881926
1698526614,0.8450,-0.0010,-0.0008450,-0.4924375
1698526619,0.8490,-0.0010,-0.0008490,-0.4966725
1698526624,0.8530,0.0000,0.0000000,-0.4987950
1698526629,0.8490,-0.0010,-0.0008490,-0.5009176
1698526634,0.8490,0.0000,0.0000000,-0.5030401
1698526639,0.8490,-0.0010,-0.0008490,-0.5051625
1698526644,0.8490,0.0000,0.0000000,-0.5072851
1698526649,0.8530,0.0000,0.0000000,-0.5072851
1698526654,0.8490,0.0000,0.0000000,-0.5072851
1698526659,0.8490,0.0000,0.0000000,-0.5072851
1698526664,0.8490,-0.0010,-0.0008490,-0.5094075
1698526669,0.8450,-0.0010,-0.0008450,-0.5136425
1698526674,0.8490,0.0000,0.0000000,-0.5157551
1698526679,0.8450,0.0000,0.0000000,-0.5157551
1698526684,0.8450,0.0000,0.0000000,-0.5157551
1698526689,0.8490,0.0000,0.0000000,-0.5157551
1698526694,0.8410,0.0000,0.0000000,-0.5157551
1698526699,0.8450,0.0000,0.0000000,-0.5157551
1698526704,0.8410,0.0000,0.0000000,-0.5157551
1698526709,0.8450,-0.0010,-0.0008450,-0.5178676
1698526714,0.8490,-0.0010,-0.0008490,-0.5221025
1698526719,0.8450,-0.0010,-0.0008450,-0.5263376
1698526724,0.8490,0.0000,0.0000000,-0.5284501
1698526729,0.8490,0.0000,0.0000000,-0.5284501
1698526734,0.8490,0.0000,0.0000000,-0.5284501
1698526739,0.8530,0.0010,0.0008530,-0.5263175
1698526744,0.8570,0.0000,0.0000000,-0.5241851
1698526749,0.8530,-0.0010,-0.0008530,-0.5263175
1698526754,0.8530,-0.0010,-0.0008530,-0.5305825
1698526759,0.8570,-0.0010,-0.0008570,-0.5348576
1698526764,0.8570,-0.0010,-0.0008570,-0.5391425
1698526769,0.8530,0.0000,0.0000000,-0.5412850
1698526774,0.8570,0.0000,0.0000000,-0.5412850
1698526779,0.8610,0.0000,0.0000000,-0.5412850
169830,0.0000,0.0000000,-0.6288450
1698527179,0.7890,0.0000,0.0000000,-0.6288450
1698527184,0.7930,0.0000,0.0000000,-0.6288450
1698527189,0.7890,0.0000,0.0000000,-0.6288450
1698527194,0.7890,0.0000,0.0000000,-0.6288450
1698527199,0.7890,0.0010,0.0007890,-0.6268725
1698527204,0.7890,0.0000,0.0000000,-0.6249000
1698527209,0.7930,-0.0010,-0.0007930,-0.6268826
1698527214,0.7930,0.0010,0.0007930,-0.6268826
1698527219,0.7850,0.0000,0.0000000,-0.6249000
1698527224,0.7770,0.0000,0.0000000,-0.6249000
1698527229,0.7770,0.0000,0.0000000,-0.6249000
1698527234,0.7770,0.0010,0.0007770,-0.6229575
1698527239,0.7770,0.0000,0.0000000,-0.6210151
1698527244,0.7730,-0.0010,-0.0007730,-0.6229476
1698527249,0.7770,-0.0010,-0.0007770,-0.6268225
1698527254,0.7770,0.0010,0.0007770,-0.6268225
1698527259,0.7730,0.0010,0.0007730,-0.6229476
1698527264,0.7730,0.0000,0.0000000,-0.6210151
1698527269,0.7730,0.0000,0.0000000,-0.6210151
1698527274,0.7690,0.0000,0.0000000,-0.6210151
1698527279,0.7690,0.0010,0.0007690,-0.6190926
1698527284,0.7690,0.0010,0.0007690,-0.6152475
1698527289,0.7690,0.0000,0.0000000,-0.6133251
1698527294,0.7690,0.0000,0.0000000,-0.6133251
1698527299,0.7650,-0.0010,-0.0007650,-0.6152375
1698527304,0.7650,0.0000,0.0000000,-0.6171501
1698527309,0.7650,0.0000,0.0000000,-0.6171501
1698527314,0.7650,0.0000,0.0000000,-0.6171501
1698527319,0.7610,0.0000,0.0000000,-0.6171501
1698527324,0.7570,-0.0010,-0.0007570,-0.6190426
1698527329,0.7610,0.0010,0.0007610,-0.6190326
1698527334,0.7610,0.0000,0.0000000,-0.6171300
1698527339,0.7610,0.0000,0.0000000,-0.6171300
1698527344,0.7570,0.0010,0.0007570,-0.6152375
1698527349,0.7610,0.0000,0.0000000,-0.6133450
1698527354,0.7610,0.0000,0.0000000,-0.6133450
1698527359,0.7570,0.0000,0.0000000,-0.6133450
1698527364,0.7610,0.0000,0.0000000,-0.6133450
1698527369,0.7570,0.0000,0.0000000,-0.6133450
1698527374,0.7530,0.0000,0.0000000,-0.6133450
1698527379,0.7570,0.0010,0.0007570,-0.6114526
1698527384,0.7530,0.0010,0.0007530,-0.6076776
1698527389,0.7570,0.0000,0.0000000,-0.6057950
1698527394,0.7570,0.0010,0.0007570,-0.6039026
1698527399,0.7490,0.0010,0.0007490,-0.6001375
1698527404,0.7530,0.0000,0.0000000,-0.5982651
1698527409,0.7530,0.0000,0.0000000,-0.5982651
1698527414,0.7530,0.0000,0.0000000,-0.5982651
1698527419,0.7530,-0.0010,-0.0007530,-0.6001475
1698527424,0.7490,-0.0010,-0.0007490,-0.6039026
1698527429,0.7450,0.0000,0.0000000,-0.6057751
1698527434,0.7450,0.0000,0.0000000,-0.6057751
1698527439,0.7450,0.0000,0.0000000,-0.6057751
1698527444,0.7450,0.0000,0.0000000,-0.6057751
1698527449,0.7410,0.0000,0.0000000,-0.6057751
1698527454,0.7410,0.0010,0.0007410,-0.6039225
1698527459,0.7450,0.0000,0.0000000,-0.6020700
1698527464,0.7450,0.0000,0.0000000,-0.6020700
1698527469,0.7410,0.0000,0.0000000,-0.6020700
1698527474,0.7410,0.0010,0.0007410,-0.6002176
1698527479,0.7410,0.0010,0.0007410,-0.5965126
1698527484,0.7450,0.0000,0.0000000,-0.5946600
1698527489,0.7450,0.0010,0.0007450,-0.5927976
1698527494,0.7450,0.0000,0.0000000,-0.5909351
1698527499,0.7530,0.0000,0.0000000,-0.5909351
1698527504,0.7490,-0.0010,-0.0007490,-0.5928075
1698527509,0.7450,0.0000,0.0000000,-0.5946801
1698527514,0.7490,0.0000,0.0000000,-0.5946801
1698527519,0.7450,0.0000,0.0000000,-0.5946801
1698527524,0.7450,0.0000,0.0000000,-0.5946801
1698527529,0.7490,0.0010,0.0007490,-0.5928075
1698527534,0.7450,0.0000,0.0000000,-0.5909351
1698527539,0.7450,0.0000,0.0000000,-0.5909351
1698527544,0.7490,0.0000,0.0000000,-0.5909351
1698527549,0.7450,0.0000,0.0000000,-0.5909351
1698527554,0.7410,0.0000,0.0000000,-0.5909351
1698527559,0.7490,0.0000,0.0000000,-0.5909351
1698527564,0.7490,0.0000,0.0000000,-0.5909351
1698527569,0.7410,0.0000,0.0000000,-0.5909351
1698527574,0.7410,0.0000,0.0000000,-0.5909351
1698527579,0.7450,0.0000,0.0000000,-0.5909351
1698527584,0.7490,0.0000,0.0000000,-0.5909351
1698527589,0.7450,0.0000,0.0000000,-0.5909351
1698527594,0.7490,0.0010,0.0007490,-0.5890626
1698527599,0.7490,0.0000,0.0000000,-0.5871900
1698527604,0.7490,0.0010,0.0007490,-0.5853176
1698527609,0.7530,0.0010,0.0007530,-0.5815626
1698527614,0.7450,0.0010,0.0007450,-0.5778176
1698527619,0.7490,0.0000,0.0000000,-0.5759550
1698527624,0.7490,0.0010,0.0007490,-0.5740826
1698527629,0.7450,0.0000,0.0000000,-0.5722101
1698527634,0.7690,0.0000,0.0000000,-0.5722101
1698527639,0.7850,0.0000,0.0000000,-0.5722101
1698527644,0.7930,0.0000,0.0000000,-0.5722101
1698527649,0.7570,0.0000,0.0000000,-0.5722101
1698527654,0.7570,0.0000,0.0000000,-0.5722101
1698527659,0.7650,0.0000,0.0000000,-0.5722101
1698527664,0.7690,0.0000,0.0000000,-0.5722101
1698527669,0.7690,0.0000,0.0000000,-0.5722101
1698527674,0.7650,0.0000,0.0000000,-0.5722101
1698527679,0.7650,0.0000,0.0000000,-0.5722101
1698527684,0.7570,0.0000,0.0000000,-0.5722101
1698527689,0.7530,0.0000,0.0000000,-0.5722101
1698527694,0.7570,0.0000,0.0000000,-0.5722101
1698527699,0.7650,0.0010,0.0007650,-0.5702975
1698527704,0.7650,-0.0010,-0.0007650,-0.5702975
1698527709,0.7650,0.0000,0.0000000,-0.5722101
1698527714,0.7690,0.0000,0.0000000,-0.5722101
1698527719,0.7650,0.0000,0.0000000,-0.5722101
1698527724,0.7690,0.0010,0.0007690,-0.5702875
1698527729,0.7690,0.0000,0.0000000,-0.5683650
1698527734,0.7610,0.0000,0.0000000,-0.5683650
1698527739,0.7650,0.0000,0.0000000,-0.5683650
1698527744,0.7690,0.0000,0.0000000,-0.5683650
1698527749,0.7730,0.0000,0.0000000,-0.5683650
1698527754,0.7770,0.0000,0.0000000,-0.5683650
1698527759,0.7890,-0.0010,-0.0007890,-0.5703375
1698527764,0.8010,0.0000,0.0000000,-0.5723100
1698527769,0.8210,0.0000,0.0000000,-0.5723100
1698527774,0.8530,0.0000,0.0000000,-0.5723100
1698527779,0.8850,0.0000,0.0000000,-0.5723100
1698527784,0.9090,0.0000,0.0000000,-0.5723100
1698527789,0.9290,-0.0010,-0.0009290,-0.5746325
1698527794,0.9330,-0.0010,-0.0009330,-0.5792875
1698527799,0.9410,0.0000,0.0000000,-0.5816200
1698527804,0.9490,-0.0010,-0.0009490,-0.5839925
1698527809,0.9450,0.0000,0.0000000,-0.5863650
1698527814,0.9410,-0.0010,-0.0009410,-0.5887176
1698527819,0.9410,-0.0010,-0.0009410,-0.5934225
1698527824,0.9330,-0.0010,-0.0009330,-0.5981076
1698527829,0.9090,0.0000,0.0000000,-0.6004400
1698527834,0.8850,0.0000,0.0000000,-0.6004400
1698527839,0.8610,-0.0010,-0.0008610,-0.6025925
1698527844,0.8530,0.0000,0.0000000,-0.6047450
1698527849,0.8610,-0.0010,-0.0008610,-0.6068975
1698527854,0.8690,0.0000,0.0000000,-0.6090500
1698527859,0.8690,0.0000,0.0000000,-0.6090500
1698527864,0.8730,-0.0010,-0.0008730,-0.6112326
1698527869,0.8890,-0.0010,-0.0008890,-0.6156375
1698527874,0.9010,0.0000,0.0000000,-0.6178601
1698527879,0.9130,-0.0010,-0.0009130,-0.6201426
1698527884,0.9050,-0.0010,-0.0009050,-0.6246876
1698527889,0.8970,-0.0010,-0.0008970,-0.6291925
1698527894,0.8970,-0.0010,-0.0008970,-0.6336775
1698527899,0.9010,0.0000,0.0000000,-0.6359200
1698527904,0.9050,0.0010,0.0009050,-0.6336576
1698527909,0.9050,-0.0010,-0.0009050,-0.6336576
1698527914,0.9050,-0.0010,-0.0009050,-0.6381826
1698527919,0.9010,-0.0010,-0.0009010,-0.6426976
1698527924,0.8970,-0.0010,-0.0008970,-0.6471925
1698527929,0.9010,0.0000,0.0000000,-0.6494350
1698527934,0.8930,0.0000,0.0000000,-0.6494350
1698527939,0.9170,-0.0010,-0.0009170,-0.6517276
1698527944,0.8930,0.0000,0.0000000,-0.6540201
1698527949,0.8850,0.0000,0.0000000,-0.6540201
1698527954,0.8770,0.0000,0.0000000,-0.6540201
1698527959,0.8690,0.0000,0.0000000,-0.6540201
1698527964,0.8650,-0.0010,-0.0008650,-0.6561826
1698527969,0.8650,0.0000,0.000000098528359,0.6050,-0.0010,-0.0006050,-0.7007076
1698528364,0.6250,0.0000,0.0000000,-0.7022201
1698528369,0.6010,0.0000,0.0000000,-0.7022201
1698528374,0.5890,-0.0010,-0.0005890,-0.7036926
1698528379,0.5850,0.0000,0.0000000,-0.7051651
1698528384,0.5770,-0.0010,-0.0005770,-0.7066076
1698528389,0.5730,-0.0010,-0.0005730,-0.7094826
1698528394,0.5770,-0.0010,-0.0005770,-0.7123576
1698528399,0.5650,-0.0010,-0.0005650,-0.7152126
1698528404,0.5690,-0.0010,-0.0005690,-0.7180476
1698528409,0.5410,-0.0020,-0.0010820,-0.7221751
1698528414,0.5650,-0.0010,-0.0005650,-0.7262926
1698528419,0.5570,-0.0010,-0.0005570,-0.7290975
1698528424,0.5530,-0.0010,-0.0005530,-0.7318726
1698528429,0.5530,-0.0020,-0.0011060,-0.7360201
1698528434,0.5530,-0.0010,-0.0005530,-0.7401676
1698528439,0.5490,-0.0010,-0.0005490,-0.7429225
1698528444,0.6330,0.0000,0.0000000,-0.7442951
1698528449,0.6290,-0.0010,-0.0006290,-0.7458676
1698528454,0.6330,-0.0010,-0.0006330,-0.7490225
1698528459,0.6290,0.0000,0.0000000,-0.7506050
1698528464,0.6250,-0.0010,-0.0006250,-0.7521676
1698528469,0.6210,0.0000,0.0000000,-0.7537301
1698528474,0.6210,-0.0010,-0.0006210,-0.7552826
1698528479,0.6170,-0.0010,-0.0006170,-0.7583776
1698528484,0.6130,0.0000,0.0000000,-0.7599201
1698528489,0.6170,-0.0010,-0.0006170,-0.7614626
1698528494,0.6050,0.0000,0.0000000,-0.7630051
1698528499,0.6210,-0.0010,-0.0006210,-0.7645575
1698528504,0.6250,0.0000,0.0000000,-0.7661101
1698528509,0.6170,0.0000,0.0000000,-0.7661101
1698528514,0.6130,0.0000,0.0000000,-0.7661101
1698528519,0.6130,-0.0010,-0.0006130,-0.7676426
1698528524,0.6170,0.0000,0.0000000,-0.7691751
1698528529,0.6130,-0.0010,-0.0006130,-0.7707075
1698528534,0.6090,-0.0010,-0.0006090,-0.7737626
1698528539,0.6050,-0.0010,-0.0006050,-0.7767976
1698528544,0.6090,-0.0010,-0.0006090,-0.7798325
1698528549,0.6010,-0.0010,-0.0006010,-0.7828576
1698528554,0.6050,-0.0010,-0.0006050,-0.7858726
1698528559,0.6090,-0.0010,-0.0006090,-0.7889076
1698528564,0.6010,-0.0010,-0.0006010,-0.7919326
1698528569,0.5970,0.0000,0.0000000,-0.7934351
1698528574,0.5970,-0.0010,-0.0005970,-0.7949276
1698528579,0.6010,-0.0010,-0.0006010,-0.7979226
1698528584,0.5930,-0.0010,-0.0005930,-0.8009076
1698528589,0.5930,-0.0010,-0.0005930,-0.8038726
1698528594,0.5890,-0.0010,-0.0005890,-0.8068275
1698528599,0.5930,-0.0010,-0.0005930,-0.8097826
1698528604,0.6050,0.0000,0.0000000,-0.8112651
1698528609,0.6010,-0.0010,-0.0006010,-0.8127676
1698528614,0.6010,-0.0010,-0.0006010,-0.8157726
1698528619,0.5970,-0.0010,-0.0005970,-0.8187675
1698528624,0.5970,-0.0010,-0.0005970,-0.8217525
1698528629,0.5970,-0.0010,-0.0005970,-0.8247375
1698528634,0.6010,0.0000,0.0000000,-0.8262300
1698528639,0.5970,0.0000,0.0000000,-0.8262300
1698528644,0.5970,0.0000,0.0000000,-0.8262300
1698528649,0.5970,-0.0010,-0.0005970,-0.8277225
1698528654,0.5970,-0.0010,-0.0005970,-0.8307076
1698528659,0.5930,0.0000,0.0000000,-0.8322001
1698528664,0.5930,-0.0010,-0.0005930,-0.8336826
1698528669,0.5930,0.0000,0.0000000,-0.8351651
1698528674,0.5970,0.0000,0.0000000,-0.8351651
1698528679,0.5970,-0.0010,-0.0005970,-0.8366576
1698528684,0.5970,-0.0010,-0.0005970,-0.8396426
1698528689,0.6010,-0.0010,-0.0006010,-0.8426376
1698528694,0.6170,-0.0010,-0.0006170,-0.8456826
1698528699,0.6170,0.0000,0.0000000,-0.8472251
1698528704,0.6050,0.0000,0.0000000,-0.8472251
1698528709,0.6130,-0.0010,-0.0006130,-0.8487576
1698528714,0.6090,-0.0010,-0.0006090,-0.8518126
1698528719,0.6130,0.0000,0.0000000,-0.8533351
1698528724,0.6130,0.0000,0.0000000,-0.8533351
1698528729,0.6130,-0.0020,-0.0012260,-0.8564001
1698528734,0.6130,-0.0010,-0.0006130,-0.8609976
1698528739,0.6090,0.0000,0.0000000,-0.8625301
1698528744,0.6050,-0.0010,-0.0006050,-0.8640426
1698528749,0.6010,-0.0010,-0.0006010,-0.8670576
1698528754,0.6010,-0.0010,-0.0006010,-0.8700626
1698528759,0.6010,-0.0010,-0.0006010,-0.8730676
1698528764,0.6010,-0.0010,-0.0006010,-0.8760726
1698528769,0.6010,0.0000,0.0000000,-0.8775751
1698528774,0.6010,-0.0010,-0.0006010,-0.8790776
1698528779,0.5970,-0.0010,-0.0005970,-0.8820726
1698528784,0.5970,-0.0010,-0.0005970,-0.8850576
1698528789,0.5970,-0.0010,-0.0005970,-0.8880426
1698528794,0.5970,0.0000,0.0000000,-0.8895351
1698528799,0.5970,-0.0010,-0.0005970,-0.8910276
1698528804,0.5930,-0.0020,-0.0011860,-0.8954851
1698528809,0.5930,0.0000,0.0000000,-0.8984501
1698528814,0.5890,-0.0010,-0.0005890,-0.8999226
1698528819,0.5890,-0.0020,-0.0011780,-0.9043401
1698528824,0.5890,-0.0010,-0.0005890,-0.9087576
1698528829,0.5930,-0.0010,-0.0005930,-0.9117126
1698528834,0.5930,-0.0010,-0.0005930,-0.9146776
1698528839,0.5890,-0.0010,-0.0005890,-0.9176326
1698528844,0.5850,-0.0010,-0.0005850,-0.9205676
1698528849,0.5850,-0.0010,-0.0005850,-0.9234926
1698528854,0.5850,-0.0010,-0.0005850,-0.9264176
1698528859,0.5770,-0.0010,-0.0005770,-0.9293226
1698528864,0.5850,-0.0010,-0.0005850,-0.9322276
1698528869,0.5770,0.0000,0.0000000,-0.9336901
1698528874,0.5810,-0.0010,-0.0005810,-0.9351426
1698528879,0.5810,0.0000,0.0000000,-0.9365951
1698528884,0.5770,-0.0010,-0.0005770,-0.9380376
1698528889,0.5770,-0.0010,-0.0005770,-0.9409226
1698528894,0.5770,-0.0010,-0.0005770,-0.9438076
1698528899,0.5770,-0.0010,-0.0005770,-0.9466926
1698528904,0.3610,-0.0010,-0.0003610,-0.9490376
1698528909,0.3650,0.0000,0.0000000,-0.9499401
1698528914,0.3690,-0.0010,-0.0003690,-0.9508626
1698528919,0.3690,-0.0010,-0.0003690,-0.9527076
1698528924,0.3610,-0.0010,-0.0003610,-0.9545326
1698528929,0.3690,-0.0010,-0.0003690,-0.9563576
1698528934,0.3650,-0.0010,-0.0003650,-0.9581926
1698528939,0.3650,-0.0010,-0.0003650,-0.9600176
1698528944,0.3650,0.0000,0.0000000,-0.9609301
1698528949,0.3610,-0.0020,-0.0007220,-0.9627351
1698528954,0.3610,-0.0010,-0.0003610,-0.9654426
1698528959,0.3570,0.0000,0.0000000,-0.9663451
1698528964,0.3610,0.0000,0.0000000,-0.9663451
1698528969,0.3610,-0.0010,-0.0003610,-0.9672476
1698528974,0.3610,-0.0010,-0.0003610,-0.9690526
1698528979,0.3530,-0.0010,-0.0003530,-0.9708376
1698528984,0.3610,-0.0010,-0.0003610,-0.9726226
1698528989,0.3570,0.0000,0.0000000,-0.9735251
1698528994,0.3530,-0.0010,-0.0003530,-0.9744076
1698528999,0.3530,-0.0010,-0.0003530,-0.9761726
1698529004,0.3570,-0.0010,-0.0003570,-0.9779476
1698529009,0.3530,-0.0010,-0.0003530,-0.9797226
1698529014,0.3530,-0.0010,-0.0003530,-0.9814876
1698529019,0.3530,-0.0010,-0.0003530,-0.9832526
1698529024,0.3490,-0.0010,-0.0003490,-0.9850076
1698529029,0.3490,0.0000,0.0000000,-0.9858801
1698529034,0.3490,-0.0010,-0.0003490,-0.9867526
1698529039,0.3490,0.0000,0.0000000,-0.9876251
1698529044,0.3450,-0.0020,-0.0006900,-0.9893501
1698529049,0.3450,-0.0010,-0.0003450,-0.9919376
1698529054,0.3410,-0.0010,-0.0003410,-0.9936526
1698529059,0.3410,-0.0020,-0.0006820,-0.9962101
1698529064,0.3490,0.0000,0.0000000,-0.9979151
1698529069,0.3490,0.0000,0.0000000,-0.9979151
1698529074,0.3450,-0.0010,-0.0003450,-0.9987776
1698529079,0.3410,-0.0010,-0.0003410,-1.0004926
1698529084,0.3410,0.0000,0.0000000,-1.0013450
1698529089,0.3410,-0.0010,-0.0003410,-1.0021976
1698529094,0.3370,-0.0010,-0.0003370,-1.0038925
1698529099,0.3370,-0.0010,-0.0003370,-1.0055776
1698529104,0.3330,-0.0010,-0.0003330,-1.0072526
1698529109,0.3330,-0.0010,-0.0003330,-1.0089176
1698529114,0.3370,0.0000,0.0000000,-1.0097501
1698529119,0.3450,-0.0010,-0.0003450,-1.0106126
1698529124,0.3410,-0.0010,-0.0003410,-1.0123276
1698529129,0.3370,-0.0010,-0.0003370,-1.0140226
1698529134,0.3330,-0.0010,-0.0003330,-1.01.1269226
1698529524,0.2970,-0.0010,-0.0002970,-1.1284176
1698529529,0.2970,-0.0010,-0.0002970,-1.1299026
1698529534,0.2970,-0.0010,-0.0002970,-1.1313876
1698529539,0.2970,-0.0020,-0.0005940,-1.1336151
1698529544,0.2970,-0.0010,-0.0002970,-1.1358426
1698529549,0.2930,-0.0010,-0.0002930,-1.1373177
1698529554,0.2930,0.0000,0.0000000,-1.1380501
1698529559,0.2890,-0.0020,-0.0005780,-1.1394951
1698529564,0.2930,-0.0020,-0.0005860,-1.1424052
1698529569,0.2890,-0.0010,-0.0002890,-1.1445926
1698529574,0.2890,0.0000,0.0000000,-1.1453151
1698529579,0.2890,-0.0010,-0.0002890,-1.1460376
1698529584,0.2850,-0.0010,-0.0002850,-1.1474726
1698529589,0.2850,-0.0010,-0.0002850,-1.1488976
1698529594,0.2850,-0.0010,-0.0002850,-1.1503226
1698529599,0.2850,-0.0010,-0.0002850,-1.1517476
1698529604,0.2850,-0.0010,-0.0002850,-1.1531726
1698529609,0.2850,-0.0010,-0.0002850,-1.1545976
1698529614,0.2810,-0.0010,-0.0002810,-1.1560127
1698529619,0.2810,0.0000,0.0000000,-1.1567152
1698529624,0.2810,-0.0020,-0.0005620,-1.1581202
1698529629,0.2770,-0.0010,-0.0002770,-1.1602176
1698529634,0.2770,-0.0010,-0.0002770,-1.1616026
1698529639,0.2770,0.0000,0.0000000,-1.1622951
1698529644,0.2770,-0.0010,-0.0002770,-1.1629876
1698529649,0.2730,0.0000,0.0000000,-1.1636801
1698529654,0.2730,-0.0010,-0.0002730,-1.1643625
1698529659,0.2730,-0.0010,-0.0002730,-1.1657276
1698529664,0.2730,-0.0010,-0.0002730,-1.1670926
1698529669,0.2730,0.0000,0.0000000,-1.1677752
1698529674,0.2690,-0.0010,-0.0002690,-1.1684476
1698529679,0.2690,-0.0010,-0.0002690,-1.1697927
1698529684,0.2690,-0.0010,-0.0002690,-1.1711376
1698529689,0.2690,-0.0010,-0.0002690,-1.1724826
1698529694,0.2650,-0.0010,-0.0002650,-1.1738176
1698529699,0.2650,-0.0010,-0.0002650,-1.1751426
1698529704,0.2650,-0.0010,-0.0002650,-1.1764677
1698529709,0.2650,-0.0010,-0.0002650,-1.1777925
1698529714,0.2650,0.0000,0.0000000,-1.1784551
1698529719,0.2610,-0.0010,-0.0002610,-1.1791077
1698529724,0.2610,-0.0010,-0.0002610,-1.1804127
1698529729,0.2610,-0.0010,-0.0002610,-1.1817176
1698529734,0.2610,0.0000,0.0000000,-1.1823701
1698529739,0.2610,-0.0010,-0.0002610,-1.1830226
1698529744,0.2570,-0.0020,-0.0005140,-1.1849601
1698529749,0.2610,-0.0010,-0.0002610,-1.1868976
1698529754,0.2610,-0.0010,-0.0002610,-1.1882026
1698529759,0.2570,-0.0010,-0.0002570,-1.1894976
1698529764,0.2570,-0.0010,-0.0002570,-1.1907827
1698529769,0.2570,-0.0010,-0.0002570,-1.1920676
1698529774,0.2570,0.0000,0.0000000,-1.1927102
1698529779,0.2570,-0.0010,-0.0002570,-1.1933526
1698529784,0.2570,-0.0010,-0.0002570,-1.1946377
1698529789,0.2530,-0.0010,-0.0002530,-1.1959126
1698529794,0.2530,-0.0010,-0.0002530,-1.1971776
1698529799,0.2530,-0.0020,-0.0005060,-1.1990751
1698529804,0.2530,-0.0010,-0.0002530,-1.2009726
1698529809,0.2530,0.0000,0.0000000,-1.2016051
1698529814,0.2530,0.0000,0.0000000,-1.2016051
1698529819,0.2490,-0.0010,-0.0002490,-1.2022276
1698529824,0.2490,-0.0010,-0.0002490,-1.2034726
1698529829,0.2490,0.0000,0.0000000,-1.2040951
1698529834,0.2490,-0.0010,-0.0002490,-1.2047176
1698529839,0.2490,-0.0010,-0.0002490,-1.2059627
1698529844,0.2450,0.0000,0.0000000,-1.2065852
1698529849,0.2450,-0.0010,-0.0002450,-1.2071977
1698529854,0.2450,-0.0010,-0.0002450,-1.2084227
1698529859,0.2450,-0.0010,-0.0002450,-1.2096477
1698529864,0.2410,-0.0010,-0.0002410,-1.2108626
1698529869,0.2410,-0.0010,-0.0002410,-1.2120676
1698529874,0.2450,-0.0010,-0.0002450,-1.2132826
1698529879,0.2410,-0.0010,-0.0002410,-1.2144976
1698529884,0.2410,-0.0010,-0.0002410,-1.2157027
1698529889,0.2410,-0.0010,-0.0002410,-1.2169076
1698529894,0.2410,-0.0020,-0.0004820,-1.2187151
1698529899,0.2410,-0.0010,-0.0002410,-1.2205226
1698529904,0.2370,-0.0010,-0.0002370,-1.2217176
1698529909,0.2370,-0.0010,-0.0002370,-1.2229027
1698529914,0.2370,-0.0010,-0.0002370,-1.2240876
1698529919,0.2370,-0.0020,-0.0004740,-1.2258651
1698529924,0.2370,0.0000,0.0000000,-1.2270501
1698529929,0.2370,-0.0010,-0.0002370,-1.2276427
1698529934,0.2370,-0.0010,-0.0002370,-1.2288276
1698529939,0.2330,-0.0010,-0.0002330,-1.2300026
1698529944,0.2330,-0.0010,-0.0002330,-1.2311676
1698529949,0.2330,-0.0010,-0.0002330,-1.2323326
1698529954,0.2330,0.0000,0.0000000,-1.2329152
1698529959,0.2330,-0.0010,-0.0002330,-1.2334976
1698529964,0.2330,-0.0010,-0.0002330,-1.2346627
1698529969,0.2290,-0.0020,-0.0004580,-1.2363901
1698529974,0.2290,-0.0010,-0.0002290,-1.2381076
1698529979,0.2290,0.0000,0.0000000,-1.2386801
1698529984,0.2290,-0.0010,-0.0002290,-1.2392526
1698529989,0.2290,0.0000,0.0000000,-1.2398251
1698529994,0.2250,-0.0010,-0.0002250,-1.2403876
1698529999,0.2290,-0.0010,-0.0002290,-1.2415227
1698530004,0.2250,-0.0010,-0.0002250,-1.2426577
1698530009,0.2250,-0.0010,-0.0002250,-1.2437826
1698530014,0.2250,-0.0010,-0.0002250,-1.2449076
1698530019,0.2250,-0.0010,-0.0002250,-1.2460326
1698530024,0.2210,0.0000,0.0000000,-1.2465951
1698530029,0.2250,-0.0010,-0.0002250,-1.2471576
1698530034,0.2210,-0.0010,-0.0002210,-1.2482727
1698530039,0.2210,-0.0010,-0.0002210,-1.2493776
1698530044,0.2210,0.0000,0.0000000,-1.2499301
1698530049,0.2210,-0.0010,-0.0002210,-1.2504826
1698530054,0.2210,-0.0010,-0.0002210,-1.2515876
1698530059,0.2170,-0.0010,-0.0002170,-1.2526826
1698530064,0.2170,-0.0010,-0.0002170,-1.2537676
1698530069,0.2170,-0.0010,-0.0002170,-1.2548527
1698530074,0.2170,-0.0010,-0.0002170,-1.2559376
1698530079,0.2170,-0.0010,-0.0002170,-1.2570226
1698530084,0.2170,-0.0010,-0.0002170,-1.2581077
1698530089,0.2130,-0.0010,-0.0002130,-1.2591826
1698530094,0.2130,-0.0010,-0.0002130,-1.2602476
1698530099,0.2130,-0.0010,-0.0002130,-1.2613126
1698530104,0.2130,-0.0010,-0.0002130,-1.2623776
1698530109,0.2130,-0.0010,-0.0002130,-1.2634426
1698530114,0.2090,-0.0010,-0.0002090,-1.2644976
1698530119,0.2090,-0.0010,-0.0002090,-1.2655426
1698530124,0.2090,-0.0010,-0.0002090,-1.2665876
1698530129,0.2090,-0.0010,-0.0002090,-1.2676326
1698530134,0.2090,-0.0010,-0.0002090,-1.2686776
1698530139,0.2090,-0.0010,-0.0002090,-1.2697226
1698530144,0.2090,-0.0020,-0.0004180,-1.2712901
1698530149,0.2050,-0.0010,-0.0002050,-1.2728477
1698530154,0.2050,-0.0010,-0.0002050,-1.2738726
1698530159,0.2050,-0.0010,-0.0002050,-1.2748976
1698530164,0.2050,-0.0010,-0.0002050,-1.2759227
1698530169,0.2050,-0.0010,-0.0002050,-1.2769476
1698530174,0.2050,-0.0010,-0.0002050,-1.2779726
1698530179,0.2010,-0.0020,-0.0004020,-1.2794901
1698530184,0.2010,0.0000,0.0000000,-1.2804952
1698530189,0.2010,-0.0010,-0.0002010,-1.2809976
1698530194,0.2010,-0.0010,-0.0002010,-1.2820026
1698530199,0.2010,0.0000,0.0000000,-1.2825052
1698530204,0.1970,-0.0010,-0.0001970,-1.2829976
1698530209,0.2010,-0.0010,-0.0002010,-1.2839926
1698530214,0.1970,0.0000,0.0000000,-1.2844951
1698530219,0.1970,-0.0010,-0.0001970,-1.2849876
1698530224,0.1970,-0.0010,-0.0001970,-1.2859726
1698530229,0.1970,-0.0010,-0.0001970,-1.2869576
1698530234,0.1930,-0.0010,-0.0001930,-1.2879326
1698530239,0.1970,-0.0010,-0.0001970,-1.2889076
1698530244,0.1930,-0.0010,-0.0001930,-1.2898827
1698530249,0.1930,-0.0010,-0.0001930,-1.2908477
1698530254,0.1930,-0.0010,-0.0001930,-1.2918127
1698530259,0.1930,-0.0010,-0.0001930,-1.2927777
1698530264,0.1930,-0.0010,-0.0001930,-1.2937427
1698530269,0.1930,-0.0010,-0.0001930,-1.2947077
1698530274,0.1930,-0.0010,-0.0001930,-1.2956727
1698530279,0.1930,-0.0010,-0.0001930,-1.2966377
1698530284,0.1930,-0.0020,-0.0003860,-1.2980851
1698530289,0.1890,-0.0020,-0.0003780,-1.2999951
1698530294,0.1890,-0.0010,-0.0001890,-10669,0.1650,-0.0010,-0.0001650,-1.3574677
1698530674,0.1650,-0.0010,-0.0001650,-1.3582926
1698530679,0.1650,-0.0010,-0.0001650,-1.3591176
1698530684,0.1650,0.0000,0.0000000,-1.3595301
1698530689,0.1650,-0.0010,-0.0001650,-1.3599427
1698530694,0.1650,0.0000,0.0000000,-1.3603551
1698530699,0.1650,-0.0010,-0.0001650,-1.3607676
1698530704,0.1610,-0.0020,-0.0003220,-1.3619851
1698530709,0.1610,-0.0010,-0.0001610,-1.3631927
1698530714,0.1570,-0.0010,-0.0001570,-1.3639877
1698530719,0.1610,-0.0010,-0.0001610,-1.3647826
1698530724,0.1610,-0.0010,-0.0001610,-1.3655876
1698530729,0.1650,0.0000,0.0000000,-1.3659902
1698530734,0.1610,-0.0010,-0.0001610,-1.3663926
1698530739,0.1610,-0.0010,-0.0001610,-1.3671976
1698530744,0.1610,-0.0010,-0.0001610,-1.3680027
1698530749,0.1610,0.0000,0.0000000,-1.3684051
1698530754,0.1610,-0.0010,-0.0001610,-1.3688077
1698530759,0.1610,-0.0010,-0.0001610,-1.3696126
1698530764,0.1610,-0.0010,-0.0001610,-1.3704176
1698530769,0.1570,-0.0010,-0.0001570,-1.3712126
1698530774,0.1530,-0.0010,-0.0001530,-1.3719876
1698530779,0.1570,-0.0010,-0.0001570,-1.3727627
1698530784,0.1610,-0.0010,-0.0001610,-1.3735576
1698530789,0.1610,-0.0010,-0.0001610,-1.3743626
1698530794,0.1610,-0.0010,-0.0001610,-1.3751676
1698530799,0.1570,-0.0010,-0.0001570,-1.3759626
1698530804,0.1570,-0.0010,-0.0001570,-1.3767476
1698530809,0.1570,0.0000,0.0000000,-1.3771402
1698530814,0.1610,-0.0010,-0.0001610,-1.3775426
1698530819,0.1570,-0.0020,-0.0003140,-1.3787302
1698530824,0.1610,-0.0010,-0.0001610,-1.3799176
1698530829,0.1570,-0.0010,-0.0001570,-1.3807126
1698530834,0.1570,-0.0010,-0.0001570,-1.3814976
1698530839,0.1570,-0.0010,-0.0001570,-1.3822826
1698530844,0.1610,-0.0010,-0.0001610,-1.3830776
1698530849,0.1570,-0.0010,-0.0001570,-1.3838726
1698530854,0.1570,0.0000,0.0000000,-1.3842652
1698530859,0.1570,0.0000,0.0000000,-1.3842652
1698530864,0.1610,-0.0010,-0.0001610,-1.3846676
1698530869,0.1570,-0.0010,-0.0001570,-1.3854626
1698530874,0.1570,0.0000,0.0000000,-1.3858551
1698530879,0.1570,-0.0010,-0.0001570,-1.3862476
1698530884,0.1570,0.0000,0.0000000,-1.3866401
1698530889,0.1570,-0.0010,-0.0001570,-1.3870326
1698530894,0.1570,-0.0010,-0.0001570,-1.3878176
1698530899,0.1570,-0.0010,-0.0001570,-1.3886026
1698530904,0.1570,-0.0010,-0.0001570,-1.3893876
1698530909,0.1570,-0.0010,-0.0001570,-1.3901726
1698530914,0.1570,-0.0010,-0.0001570,-1.3909576
1698530919,0.1570,-0.0010,-0.0001570,-1.3917426
1698530924,0.1570,-0.0010,-0.0001570,-1.3925276
1698530929,0.1570,-0.0010,-0.0001570,-1.3933126
1698530934,0.1570,-0.0010,-0.0001570,-1.3940977
1698530939,0.1570,-0.0010,-0.0001570,-1.3948827
1698530944,0.1570,-0.0010,-0.0001570,-1.3956677
1698530949,0.1570,-0.0010,-0.0001570,-1.3964527
1698530954,0.1570,-0.0010,-0.0001570,-1.3972377
1698530959,0.1570,-0.0010,-0.0001570,-1.3980227
1698530964,0.1570,-0.0010,-0.0001570,-1.3988076
1698530969,0.1570,-0.0010,-0.0001570,-1.3995926
1698530974,0.1570,-0.0010,-0.0001570,-1.4003776
1698530979,0.1570,-0.0010,-0.0001570,-1.4011626
1698530984,0.1570,-0.0010,-0.0001570,-1.4019476
1698530989,0.1570,-0.0010,-0.0001570,-1.4027326
1698530994,0.1570,-0.0010,-0.0001570,-1.4035176
1698530999,0.1530,-0.0010,-0.0001530,-1.4042926
1698531004,0.1530,-0.0010,-0.0001530,-1.4050577
1698531009,0.1570,-0.0010,-0.0001570,-1.4058326
1698531014,0.1570,0.0000,0.0000000,-1.4062251
1698531019,0.1530,-0.0010,-0.0001530,-1.4066076
1698531024,0.1530,-0.0020,-0.0003060,-1.4077551
1698531029,0.1530,-0.0010,-0.0001530,-1.4089026
1698531034,0.1530,-0.0010,-0.0001530,-1.4096676
1698531039,0.1530,0.0000,0.0000000,-1.4100502
1698531044,0.1530,-0.0010,-0.0001530,-1.4104326
1698531049,0.1530,-0.0010,-0.0001530,-1.4111977
1698531054,0.1530,0.0000,0.0000000,-1.4115801
1698531059,0.1530,0.0000,0.0000000,-1.4115801
1698531064,0.1530,-0.0010,-0.0001530,-1.4119626
1698531069,0.1530,-0.0010,-0.0001530,-1.4127276
1698531074,0.1530,-0.0010,-0.0001530,-1.4134927
1698531079,0.1530,-0.0010,-0.0001530,-1.4142576
1698531084,0.1530,-0.0020,-0.0003060,-1.4154052
1698531089,0.1530,-0.0010,-0.0001530,-1.4165527
1698531094,0.1530,-0.0020,-0.0003060,-1.4177002
1698531099,0.1530,-0.0010,-0.0001530,-1.4188477
1698531104,0.1530,0.0000,0.0000000,-1.4192301
1698531109,0.1530,-0.0010,-0.0001530,-1.4196126
1698531114,0.1530,-0.0010,-0.0001530,-1.4203776
1698531119,0.1530,-0.0010,-0.0001530,-1.4211426
1698531124,0.1530,0.0000,0.0000000,-1.4215251
1698531129,0.1530,-0.0010,-0.0001530,-1.4219077
1698531134,0.1490,-0.0010,-0.0001490,-1.4226626
1698531139,0.1530,-0.0020,-0.0003060,-1.4238001
1698531144,0.1530,-0.0010,-0.0001530,-1.4249476
1698531149,0.1530,-0.0010,-0.0001530,-1.4257126
1698531154,0.1490,-0.0010,-0.0001490,-1.4264677
1698531159,0.1490,-0.0010,-0.0001490,-1.4272126
1698531164,0.1490,0.0000,0.0000000,-1.4275851
1698531169,0.1490,-0.0010,-0.0001490,-1.4279577
1698531174,0.1530,0.0000,0.0000000,-1.4283302
1698531179,0.1490,-0.0010,-0.0001490,-1.4287026
1698531184,0.1490,-0.0010,-0.0001490,-1.4294477
1698531189,0.1530,-0.0010,-0.0001530,-1.4302026
1698531194,0.1490,0.0000,0.0000000,-1.4305851
1698531199,0.1490,-0.0020,-0.0002980,-1.4313301
1698531204,0.1490,-0.0010,-0.0001490,-1.4324477
1698531209,0.1490,-0.0010,-0.0001490,-1.4331926
1698531214,0.1490,-0.0010,-0.0001490,-1.4339377
1698531219,0.1490,-0.0010,-0.0001490,-1.4346826
1698531224,0.1490,-0.0020,-0.0002980,-1.4358001
1698531229,0.1490,-0.0010,-0.0001490,-1.4369177
1698531234,0.1490,-0.0020,-0.0002980,-1.4380351
1698531239,0.1490,-0.0010,-0.0001490,-1.4391526
1698531244,0.1490,0.0000,0.0000000,-1.4395251
1698531249,0.1490,-0.0020,-0.0002980,-1.4402702
1698531254,0.1490,-0.0010,-0.0001490,-1.4413877
1698531259,0.1490,-0.0010,-0.0001490,-1.4421326
1698531264,0.1490,-0.0010,-0.0001490,-1.4428777
1698531269,0.1490,-0.0010,-0.0001490,-1.4436226
1698531274,0.1490,-0.0010,-0.0001490,-1.4443676
1698531279,0.1450,0.0000,0.0000000,-1.4447402
1698531284,0.1490,-0.0010,-0.0001490,-1.4451126
1698531289,0.1490,-0.0010,-0.0001490,-1.4458576
1698531294,0.1490,-0.0010,-0.0001490,-1.4466026
1698531299,0.1490,-0.0010,-0.0001490,-1.4473476
1698531304,0.1490,-0.0010,-0.0001490,-1.4480926
1698531309,0.1490,-0.0010,-0.0001490,-1.4488376
1698531314,0.1490,-0.0010,-0.0001490,-1.4495826
1698531319,0.1490,-0.0010,-0.0001490,-1.4503276
1698531324,0.1490,-0.0010,-0.0001490,-1.4510727
1698531329,0.1490,0.0000,0.0000000,-1.4514451
1698531334,0.1450,-0.0020,-0.0002900,-1.4521701
1698531339,0.1490,-0.0010,-0.0001490,-1.4532677
1698531344,0.1490,-0.0010,-0.0001490,-1.4540126
1698531349,0.1490,0.0000,0.0000000,-1.4543852
1698531354,0.1490,-0.0020,-0.0002980,-1.4551301
1698531359,0.1490,-0.0010,-0.0001490,-1.4562477
1698531364,0.1490,0.0000,0.0000000,-1.4566201
1698531369,0.1490,-0.0020,-0.0002980,-1.4573652
1698531374,0.1490,0.0000,0.0000000,-1.4581101
1698531379,0.1490,-0.0010,-0.0001490,-1.4584826
1698531384,0.1450,-0.0010,-0.0001450,-1.4592177
1698531389,0.1490,-0.0010,-0.0001490,-1.4599526
1698531394,0.1490,0.0000,0.0000000,-1.4603251
1698531399,0.1490,-0.0010,-0.0001490,-1.4606977
1698531404,0.1450,-0.0010,-0.0001450,-1.4614326
1698531409,0.1490,-0.0010,-0.0001490,-1.4621676
1698531414,0.1490,-0.0010,-0.0001490,-1.4629127
1698531419,0.1450,-0.0010,-0.0001450,-1.4636476
1698531424,0.1450,-0.0020,-0.0002900,-1.4647352
1698531429,0.1450,-0.0010,-0.0001450,-1.4658226
1698531434,0.1450,-0.0020,-0.0002900,-1.4669101
1698531439,0.1490,-0.0010,-0.0001490,-1.4680077
1698531444,0.0,-0.0001410,-1.5209126
1698531829,0.1450,-0.0010,-0.0001450,-1.5216277
1698531834,0.1450,-0.0010,-0.0001450,-1.5223527
1698531839,0.1450,-0.0020,-0.0002900,-1.5234401
1698531844,0.1450,-0.0020,-0.0002900,-1.5248902
1698531849,0.1450,-0.0010,-0.0001450,-1.5259776
1698531854,0.1450,-0.0010,-0.0001450,-1.5267026
1698531859,0.1450,-0.0010,-0.0001450,-1.5274277
1698531864,0.1450,-0.0010,-0.0001450,-1.5281526
1698531869,0.1450,0.0000,0.0000000,-1.5285151
1698531874,0.1450,-0.0020,-0.0002900,-1.5292401
1698531879,0.1450,-0.0010,-0.0001450,-1.5303277
1698531884,0.1410,0.0000,0.0000000,-1.5306902
1698531889,0.1410,-0.0010,-0.0001410,-1.5310427
1698531894,0.1410,-0.0010,-0.0001410,-1.5317477
1698531899,0.1410,0.0000,0.0000000,-1.5321002
1698531904,0.1370,-0.0010,-0.0001370,-1.5324427
1698531909,0.1410,-0.0020,-0.0002820,-1.5334902
1698531914,0.1410,-0.0010,-0.0001410,-1.5345477
1698531919,0.1410,-0.0010,-0.0001410,-1.5352527
1698531924,0.1410,-0.0010,-0.0001410,-1.5359577
1698531929,0.1410,-0.0020,-0.0002820,-1.5370152
1698531934,0.1410,0.0000,0.0000000,-1.5377201
1698531939,0.1410,-0.0010,-0.0001410,-1.5380726
1698531944,0.1410,-0.0010,-0.0001410,-1.5387776
1698531949,0.1370,-0.0010,-0.0001370,-1.5394727
1698531954,0.1330,-0.0010,-0.0001330,-1.5401477
1698531959,0.1330,-0.0010,-0.0001330,-1.5408126
1698531964,0.1290,0.0000,0.0000000,-1.5411451
1698531969,0.1410,-0.0010,-0.0001410,-1.5414976
1698531974,0.1410,-0.0010,-0.0001410,-1.5422026
1698531979,0.1410,-0.0010,-0.0001410,-1.5429076
1698531984,0.1410,0.0000,0.0000000,-1.5432601
1698531989,0.1370,0.0000,0.0000000,-1.5432601
1698531994,0.1410,-0.0010,-0.0001410,-1.5436126
1698531999,0.1450,0.0000,0.0000000,-1.5439651
1698532004,0.1450,-0.0010,-0.0001450,-1.5443276
1698532009,0.1410,-0.0020,-0.0002820,-1.5453951
1698532014,0.1410,-0.0010,-0.0001410,-1.5464526
1698532019,0.1410,-0.0010,-0.0001410,-1.5471576
1698532024,0.1410,0.0000,0.0000000,-1.5475101
1698532029,0.1410,-0.0010,-0.0001410,-1.5478626
1698532034,0.1410,-0.0020,-0.0002820,-1.5489202
1698532039,0.1410,-0.0010,-0.0001410,-1.5499777
1698532044,0.1410,-0.0010,-0.0001410,-1.5506827
1698532049,0.1410,-0.0010,-0.0001410,-1.5513877
1698532054,0.1410,-0.0010,-0.0001410,-1.5520927
1698532059,0.1410,-0.0010,-0.0001410,-1.5527977
1698532064,0.1450,-0.0010,-0.0001450,-1.5535127
1698532069,0.1450,-0.0010,-0.0001450,-1.5542376
1698532074,0.1410,-0.0020,-0.0002820,-1.5553051
1698532079,0.1410,-0.0010,-0.0001410,-1.5563626
1698532084,0.1450,-0.0010,-0.0001450,-1.5570776
1698532089,0.1410,-0.0010,-0.0001410,-1.5577927
1698532094,0.1450,-0.0020,-0.0002900,-1.5588702
1698532099,0.1410,-0.0010,-0.0001410,-1.5599476
1698532104,0.1410,-0.0010,-0.0001410,-1.5606526
1698532109,0.1450,0.0000,0.0000000,-1.5610051
1698532114,0.1450,-0.0010,-0.0001450,-1.5613676
1698532119,0.1450,-0.0010,-0.0001450,-1.5620927
1698532124,0.1410,-0.0010,-0.0001410,-1.5628077
1698532129,0.1410,-0.0010,-0.0001410,-1.5635127
1698532134,0.1450,-0.0010,-0.0001450,-1.5642277
1698532139,0.1450,-0.0010,-0.0001450,-1.5649526
1698532144,0.1410,-0.0020,-0.0002820,-1.5660201
1698532149,0.1450,-0.0010,-0.0001450,-1.5670877
1698532154,0.1410,-0.0010,-0.0001410,-1.5678027
1698532159,0.1410,-0.0010,-0.0001410,-1.5685077
1698532164,0.1410,-0.0010,-0.0001410,-1.5692127
1698532169,0.1410,-0.0010,-0.0001410,-1.5699177
1698532174,0.1410,-0.0010,-0.0001410,-1.5706227
1698532179,0.1370,-0.0010,-0.0001370,-1.5713177
1698532184,0.1410,-0.0010,-0.0001410,-1.5720127
1698532189,0.1410,-0.0010,-0.0001410,-1.5727177
1698532194,0.1410,-0.0020,-0.0002820,-1.5737752
1698532199,0.1410,-0.0010,-0.0001410,-1.5748327
1698532204,0.1410,-0.0010,-0.0001410,-1.5755377
1698532209,0.1450,-0.0010,-0.0001450,-1.5762527
1698532214,0.1370,-0.0010,-0.0001370,-1.5769577
1698532219,0.1410,-0.0020,-0.0002820,-1.5780052
1698532224,0.1450,-0.0010,-0.0001450,-1.5790726
1698532229,0.1410,-0.0010,-0.0001410,-1.5797876
1698532234,0.1410,-0.0010,-0.0001410,-1.5804926
1698532239,0.1410,-0.0010,-0.0001410,-1.5811976
1698532244,0.1410,-0.0020,-0.0002820,-1.5822551
1698532249,0.1450,-0.0010,-0.0001450,-1.5833226
1698532254,0.1450,0.0000,0.0000000,-1.5836852
1698532259,0.1450,-0.0010,-0.0001450,-1.5840477
1698532264,0.1370,-0.0020,-0.0002740,-1.5850952
1698532269,0.1410,-0.0010,-0.0001410,-1.5861326
1698532274,0.1410,0.0000,0.0000000,-1.5864851
1698532279,0.1450,-0.0020,-0.0002900,-1.5872102
1698532284,0.1450,0.0000,0.0000000,-1.5879351
1698532289,0.1450,0.0000,0.0000000,-1.5879351
1698532294,0.1450,-0.0020,-0.0002900,-1.5886601
1698532299,0.1450,-0.0010,-0.0001450,-1.5897477
1698532304,0.1450,-0.0010,-0.0001450,-1.5904727
1698532309,0.1410,-0.0010,-0.0001410,-1.5911876
1698532314,0.1410,-0.0010,-0.0001410,-1.5918926
1698532319,0.1410,0.0000,0.0000000,-1.5922451
1698532324,0.1410,0.0000,0.0000000,-1.5922451
1698532329,0.1410,-0.0020,-0.0002820,-1.5929501
1698532334,0.1450,-0.0010,-0.0001450,-1.5940176
1698532339,0.1450,-0.0010,-0.0001450,-1.5947427
1698532344,0.1410,-0.0010,-0.0001410,-1.5954577
1698532349,0.1450,-0.0010,-0.0001450,-1.5961727
1698532354,0.1450,-0.0010,-0.0001450,-1.5968976
1698532359,0.1450,-0.0010,-0.0001450,-1.5976226
1698532364,0.1450,-0.0010,-0.0001450,-1.5983477
1698532369,0.1450,-0.0010,-0.0001450,-1.5990727
1698532374,0.1450,-0.0010,-0.0001450,-1.5997976
1698532379,0.1450,-0.0020,-0.0002900,-1.6008852
1698532384,0.1450,-0.0010,-0.0001450,-1.6019727
1698532389,0.1370,-0.0010,-0.0001370,-1.6026777
1698532394,0.1410,-0.0020,-0.0002820,-1.6037252
1698532399,0.1450,-0.0020,-0.0002900,-1.6051551
1698532404,0.1450,-0.0010,-0.0001450,-1.6062427
1698532409,0.1450,-0.0010,-0.0001450,-1.6069677
1698532414,0.1450,0.0000,0.0000000,-1.6073302
1698532419,0.1410,-0.0020,-0.0002820,-1.6080352
1698532424,0.1530,-0.0010,-0.0001530,-1.6091226
1698532429,0.1410,-0.0010,-0.0001410,-1.6098577
1698532434,0.1410,-0.0010,-0.0001410,-1.6105627
1698532439,0.1650,-0.0010,-0.0001650,-1.6113276
1698532444,0.1410,-0.0010,-0.0001410,-1.6120926
1698532449,0.1450,-0.0010,-0.0001450,-1.6128076
1698532454,0.1450,0.0000,0.0000000,-1.6131701
1698532459,0.1450,-0.0010,-0.0001450,-1.6135327
1698532464,0.1450,-0.0010,-0.0001450,-1.6142577
1698532469,0.1450,-0.0010,-0.0001450,-1.6149826
1698532474,0.1450,-0.0010,-0.0001450,-1.6157076
1698532479,0.1450,-0.0010,-0.0001450,-1.6164327
1698532484,0.1450,0.0000,0.0000000,-1.6167952
1698532489,0.1450,-0.0010,-0.0001450,-1.6171577
1698532494,0.1450,-0.0020,-0.0002900,-1.6182451
1698532499,0.1410,-0.0010,-0.0001410,-1.6193227
1698532504,0.1410,-0.0010,-0.0001410,-1.6200277
1698532509,0.1410,-0.0010,-0.0001410,-1.6207327
1698532514,0.1410,-0.0020,-0.0002820,-1.6217902
1698532519,0.1410,-0.0010,-0.0001410,-1.6228477
1698532524,0.1410,0.0000,0.0000000,-1.6232002
1698532529,0.1410,-0.0020,-0.0002820,-1.6239052
1698532534,0.1410,-0.0010,-0.0001410,-1.6249627
1698532539,0.1410,-0.0010,-0.0001410,-1.6256677
1698532544,0.1410,-0.0010,-0.0001410,-1.6263727
1698532549,0.1450,-0.0010,-0.0001450,-1.6270876
1698532554,0.1410,-0.0010,-0.0001410,-1.6278026
1698532559,0.1410,-0.0010,-0.0001410,-1.6285076
1698532564,0.1410,-0.0020,-0.0002820,-1.6295651
1698532569,0.1410,-0.0010,-0.0001410,-1.6306226
1698532574,0.1410,-0.0010,-0.0001410,-1.6313276
1698532579,0.1410,-0.0010,-0.0001410,-1.6320326
1698532584,0.1410,-0.0010,-0.0001410,-1.6327376
1698532589,0.1410,-0.0020,-0.0002820,-1.6337951
1698532594,0.1410,-0.0010,-0.0001410,-1.6348526
1698532599,0.1410,-0.1370,0.0000,0.0000000,-1.6914651
1698532989,0.1370,-0.0010,-0.0001370,-1.6918076
1698532994,0.1410,-0.0010,-0.0001410,-1.6925026
1698532999,0.1410,-0.0010,-0.0001410,-1.6932076
1698533004,0.1410,-0.0010,-0.0001410,-1.6939126
1698533009,0.1410,0.0000,0.0000000,-1.6942651
1698533014,0.1410,-0.0010,-0.0001410,-1.6946176
1698533019,0.1410,-0.0010,-0.0001410,-1.6953226
1698533024,0.2090,-0.0010,-0.0002090,-1.6961976
1698533029,0.2090,-0.0020,-0.0004180,-1.6977651
1698533034,0.2090,0.0000,0.0000000,-1.6988101
1698533039,0.2010,-0.0010,-0.0002010,-1.6993127
1698533044,0.1970,-0.0010,-0.0001970,-1.7003076
1698533049,0.1970,0.0000,0.0000000,-1.7008002
1698533054,0.1970,-0.0010,-0.0001970,-1.7012926
1698533059,0.2210,-0.0010,-0.0002210,-1.7023376
1698533064,0.2090,-0.0010,-0.0002090,-1.7034127
1698533069,0.2210,0.0000,0.0000000,-1.7039351
1698533074,0.8610,-0.0010,-0.0008610,-1.7060877
1698533079,0.4690,-0.0020,-0.0009380,-1.7105851
1698533084,0.4370,-0.0010,-0.0004370,-1.7140226
1698533089,0.3850,0.0000,0.0000000,-1.7151152
1698533094,0.3610,-0.0010,-0.0003610,-1.7160176
1698533099,0.3610,-0.0010,-0.0003610,-1.7178227
1698533104,0.3610,0.0000,0.0000000,-1.7187252
1698533109,0.3450,-0.0010,-0.0003450,-1.7195877
1698533114,0.3450,-0.0010,-0.0003450,-1.7213126
1698533119,0.3410,-0.0010,-0.0003410,-1.7230277
1698533124,0.3410,-0.0010,-0.0003410,-1.7247326
1698533129,0.3410,-0.0010,-0.0003410,-1.7264377
1698533134,0.3450,-0.0010,-0.0003450,-1.7281526
1698533139,0.3450,-0.0010,-0.0003450,-1.7298777
1698533144,0.3450,-0.0020,-0.0006900,-1.7324651
1698533149,0.3410,-0.0010,-0.0003410,-1.7350427
1698533154,0.3450,-0.0010,-0.0003450,-1.7367576
1698533159,0.3450,-0.0010,-0.0003450,-1.7384827
1698533164,0.3490,-0.0010,-0.0003490,-1.7402177
1698533169,0.3490,-0.0010,-0.0003490,-1.7419627
1698533174,0.3530,-0.0020,-0.0007060,-1.7446002
1698533179,0.3490,-0.0010,-0.0003490,-1.7472377
1698533184,0.3490,-0.0010,-0.0003490,-1.7489827
1698533189,0.3490,0.0000,0.0000000,-1.7498552
1698533194,0.3530,-0.0010,-0.0003530,-1.7507377
1698533199,0.3450,-0.0010,-0.0003450,-1.7524827
1698533204,0.3410,-0.0010,-0.0003410,-1.7541977
1698533209,0.3450,-0.0020,-0.0006900,-1.7567751
1698533214,0.3490,-0.0010,-0.0003490,-1.7593727
1698533219,0.3490,0.0000,0.0000000,-1.7602452
1698533224,0.3490,-0.0020,-0.0006980,-1.7619902
1698533229,0.3490,-0.0010,-0.0003490,-1.7646077
1698533234,0.3490,-0.0010,-0.0003490,-1.7663527
1698533239,0.3490,-0.0010,-0.0003490,-1.7680976
1698533244,0.3490,-0.0010,-0.0003490,-1.7698426
1698533249,0.3450,-0.0010,-0.0003450,-1.7715777
1698533254,0.3450,-0.0020,-0.0006900,-1.7741652
1698533259,0.3490,-0.0010,-0.0003490,-1.7767627
1698533264,0.3450,-0.0010,-0.0003450,-1.7784977
1698533269,0.3450,-0.0010,-0.0003450,-1.7802227
1698533274,0.3490,-0.0010,-0.0003490,-1.7819576
1698533279,0.3490,-0.0010,-0.0003490,-1.7837026
1698533284,0.3490,-0.0010,-0.0003490,-1.7854477
1698533289,0.3490,0.0000,0.0000000,-1.7863202
1698533294,0.3530,-0.0010,-0.0003530,-1.7872027
1698533299,0.3490,-0.0010,-0.0003490,-1.7889577
1698533304,0.3490,-0.0010,-0.0003490,-1.7907027
1698533309,0.3490,-0.0010,-0.0003490,-1.7924477
1698533314,0.3490,-0.0020,-0.0006980,-1.7950652
1698533319,0.3490,-0.0020,-0.0006980,-1.7985551
1698533324,0.3490,-0.0010,-0.0003490,-1.8011726
1698533329,0.3490,-0.0020,-0.0006980,-1.8037902
1698533334,0.3490,-0.0010,-0.0003490,-1.8064077
1698533339,0.3490,0.0000,0.0000000,-1.8072802
1698533344,0.3490,-0.0010,-0.0003490,-1.8081527
1698533349,0.3450,-0.0010,-0.0003450,-1.8098876
1698533354,0.3450,-0.0010,-0.0003450,-1.8116127
1698533359,0.3450,-0.0010,-0.0003450,-1.8133377
1698533364,0.3490,-0.0020,-0.0006980,-1.8159451
1698533369,0.3810,-0.0010,-0.0003810,-1.8186426
1698533374,0.3810,-0.0010,-0.0003810,-1.8205477
1698533379,0.3490,-0.0010,-0.0003490,-1.8223727
1698533384,0.3450,-0.0010,-0.0003450,-1.8241076
1698533389,0.3450,0.0000,0.0000000,-1.8249701
1698533394,0.3450,-0.0010,-0.0003450,-1.8258327
1698533399,0.3450,-0.0010,-0.0003450,-1.8275577
1698533404,0.3450,-0.0010,-0.0003450,-1.8292826
1698533409,0.3450,-0.0010,-0.0003450,-1.8310077
1698533414,0.3450,-0.0010,-0.0003450,-1.8327327
1698533419,0.3490,-0.0010,-0.0003490,-1.8344676
1698533424,0.3490,-0.0010,-0.0003490,-1.8362126
1698533429,0.3450,0.0000,0.0000000,-1.8370851
1698533434,0.3490,-0.0020,-0.0006980,-1.8388301
1698533439,0.3490,-0.0010,-0.0003490,-1.8414477
1698533444,0.3450,-0.0020,-0.0006900,-1.8440452
1698533449,0.3490,-0.0010,-0.0003490,-1.8466426
1698533454,0.3490,0.0000,0.0000000,-1.8475152
1698533459,0.3490,-0.0010,-0.0003490,-1.8483877
1698533464,0.3490,-0.0010,-0.0003490,-1.8501327
1698533469,0.3490,-0.0010,-0.0003490,-1.8518777
1698533474,0.3530,-0.0010,-0.0003530,-1.8536327
1698533479,0.3490,-0.0010,-0.0003490,-1.8553877
1698533484,0.3530,-0.0020,-0.0007060,-1.8580252
1698533489,0.3490,-0.0010,-0.0003490,-1.8606627
1698533494,0.3490,-0.0010,-0.0003490,-1.8624077
1698533499,0.3490,-0.0010,-0.0003490,-1.8641527
1698533504,0.3490,-0.0010,-0.0003490,-1.8658977
1698533509,0.3490,-0.0010,-0.0003490,-1.8676426
1698533514,0.3490,0.0000,0.0000000,-1.8685151
1698533519,0.3490,-0.0010,-0.0003490,-1.8693876
1698533524,0.3490,-0.0010,-0.0003490,-1.8711327
1698533529,0.3490,-0.0010,-0.0003490,-1.8728777
1698533534,0.3490,-0.0010,-0.0003490,-1.8746227
1698533539,0.3490,0.0000,0.0000000,-1.8754952
1698533544,0.3490,-0.0010,-0.0003490,-1.8763677
1698533549,0.3490,-0.0010,-0.0003490,-1.8781127
1698533554,0.3490,-0.0020,-0.0006980,-1.8807302
1698533559,0.3490,-0.0010,-0.0003490,-1.8833476
1698533564,0.3490,-0.0010,-0.0003490,-1.8850926
1698533569,0.3490,-0.0010,-0.0003490,-1.8868377
1698533574,0.3490,-0.0010,-0.0003490,-1.8885827
1698533579,0.3490,0.0000,0.0000000,-1.8894552
1698533584,0.3450,-0.0010,-0.0003450,-1.8903177
1698533589,0.3490,-0.0020,-0.0006980,-1.8929251
1698533594,0.3490,-0.0010,-0.0003490,-1.8955426
1698533599,0.3450,-0.0010,-0.0003450,-1.8972777
1698533604,0.3450,-0.0010,-0.0003450,-1.8990027
1698533609,0.3450,-0.0010,-0.0003450,-1.9007276
1698533614,0.3450,-0.0010,-0.0003450,-1.9024527
1698533619,0.3450,0.0000,0.0000000,-1.9033152
1698533624,0.3450,0.0000,0.0000000,-1.9033152
1698533629,0.3450,-0.0020,-0.0006900,-1.9050401
1698533634,0.3450,-0.0010,-0.0003450,-1.9076277
1698533639,0.3410,-0.0010,-0.0003410,-1.9093426
1698533644,0.3410,-0.0010,-0.0003410,-1.9110477
1698533649,0.3410,0.0000,0.0000000,-1.9119002
1698533654,0.3450,-0.0010,-0.0003450,-1.9127626
1698533659,0.3410,-0.0010,-0.0003410,-1.9144777
1698533664,0.3410,-0.0010,-0.0003410,-1.9161826
1698533669,0.3410,-0.0010,-0.0003410,-1.9178877
1698533674,0.3450,-0.0010,-0.0003450,-1.9196026
1698533679,0.3410,-0.0010,-0.0003410,-1.9213177
1698533684,0.3410,0.0000,0.0000000,-1.9221702
1698533689,0.3410,-0.0010,-0.0003410,-1.9230226
1698533694,0.3410,-0.0010,-0.0003410,-1.9247277
1698533699,0.3410,0.0000,0.0000000,-1.9255801
1698533704,0.3370,-0.0010,-0.0003370,-1.9264227
1698533709,0.3410,-0.0010,-0.0003410,-1.9281176
1698533714,0.3410,-0.0010,-0.0003410,-1.9298227
1698533719,0.3410,-0.0010,-0.0003410,-1.9315277
1698533724,0.3450,-0.0010,-0.0003450,-1.9332427
1698533729,0.3410,-0.0010,-0.0003410,-1.9349576
1698533734,0.3410,-0.0020,-0.0006820,-1.9375151
1698533739,0.3410,-0.0010,-0.0003410,-1.9400727
1698533744,0.3410,-0.0010,-0.0003410,-1.9417777
1698533749,0.3370,-0.0010,-0.0003370,-1.9434726
1698533754,0.3410,-0.0010,-0.0003410,-1.9451677
1698533759,0.530,-0.0010,-0.0005730,-2.1749878
1698534139,0.5650,-0.0010,-0.0005650,-2.1778326
1698534144,0.5730,-0.0010,-0.0005730,-2.1806777
1698534149,0.5610,0.0000,0.0000000,-2.1821103
1698534154,0.5650,-0.0010,-0.0005650,-2.1835227
1698534159,0.5610,-0.0010,-0.0005610,-2.1863377
1698534164,0.5650,0.0000,0.0000000,-2.1877401
1698534169,0.4850,-0.0010,-0.0004850,-2.1889527
1698534174,0.5690,-0.0010,-0.0005690,-2.1915877
1698534179,0.5610,-0.0010,-0.0005610,-2.1944127
1698534184,0.5690,-0.0010,-0.0005690,-2.1972377
1698534189,0.5770,0.0000,0.0000000,-2.1986601
1698534194,0.5730,-0.0010,-0.0005730,-2.2000928
1698534199,0.5690,-0.0010,-0.0005690,-2.2029476
1698534204,0.5730,-0.0020,-0.0011460,-2.2072351
1698534209,0.5770,-0.0010,-0.0005770,-2.2115426
1698534214,0.5730,-0.0020,-0.0011460,-2.2158501
1698534219,0.5730,-0.0010,-0.0005730,-2.2201476
1698534224,0.5730,-0.0010,-0.0005730,-2.2230127
1698534229,0.5690,-0.0010,-0.0005690,-2.2258677
1698534234,0.5730,-0.0010,-0.0005730,-2.2287228
1698534239,0.5770,-0.0010,-0.0005770,-2.2315977
1698534244,0.5730,-0.0010,-0.0005730,-2.2344728
1698534249,0.5730,-0.0020,-0.0011460,-2.2387702
1698534254,0.5770,-0.0020,-0.0011540,-2.2445202
1698534259,0.5730,-0.0010,-0.0005730,-2.2488377
1698534264,0.5770,-0.0010,-0.0005770,-2.2517128
1698534269,0.5770,-0.0020,-0.0011540,-2.2560401
1698534274,0.5770,-0.0010,-0.0005770,-2.2603676
1698534279,0.5810,-0.0010,-0.0005810,-2.2632627
1698534284,0.5770,-0.0010,-0.0005770,-2.2661576
1698534289,0.5770,0.0000,0.0000000,-2.2676003
1698534294,0.5810,-0.0010,-0.0005810,-2.2690527
1698534299,0.5810,-0.0010,-0.0005810,-2.2719576
1698534304,0.5850,-0.0010,-0.0005850,-2.2748728
1698534309,0.5810,-0.0010,-0.0005810,-2.2777877
1698534314,0.5810,-0.0010,-0.0005810,-2.2806928
1698534319,0.5770,-0.0010,-0.0005770,-2.2835877
1698534324,0.5850,-0.0010,-0.0005850,-2.2864928
1698534329,0.5810,-0.0010,-0.0005810,-2.2894077
1698534334,0.5850,-0.0010,-0.0005850,-2.2923226
1698534339,0.5810,-0.0020,-0.0011620,-2.2966902
1698534344,0.5770,-0.0020,-0.0011540,-2.3024802
1698534349,0.5770,-0.0010,-0.0005770,-2.3068078
1698534354,0.5770,-0.0020,-0.0011540,-2.3111353
1698534359,0.5770,0.0000,0.0000000,-2.3140202
1698534364,0.5730,-0.0010,-0.0005730,-2.3154528
1698534369,0.5730,-0.0010,-0.0005730,-2.3183177
1698534374,0.5730,-0.0010,-0.0005730,-2.3211827
1698534379,0.5770,-0.0010,-0.0005770,-2.3240578
1698534384,0.5770,-0.0010,-0.0005770,-2.3269427
1698534389,0.5770,-0.0010,-0.0005770,-2.3298278
1698534394,0.5770,-0.0020,-0.0011540,-2.3341553
1698534399,0.5730,-0.0010,-0.0005730,-2.3384726
1698534404,0.5770,-0.0010,-0.0005770,-2.3413477
1698534409,0.5730,-0.0020,-0.0011460,-2.3456552
1698534414,0.5770,-0.0010,-0.0005770,-2.3499627
1698534419,0.5730,-0.0010,-0.0005730,-2.3528378
1698534424,0.5730,-0.0010,-0.0005730,-2.3557026
1698534429,0.5730,-0.0010,-0.0005730,-2.3585677
1698534434,0.5770,0.0000,0.0000000,-2.3600001
1698534439,0.5730,0.0000,0.0000000,-2.3600001
1698534444,0.5730,0.0000,0.0000000,-2.3600001
1698534449,0.5650,-0.0010,-0.0005650,-2.3614128
1698534454,0.5730,-0.0010,-0.0005730,-2.3642578
1698534459,0.5690,-0.0010,-0.0005690,-2.3671126
1698534464,0.5690,0.0000,0.0000000,-2.3685353
1698534469,0.5730,-0.0010,-0.0005730,-2.3699677
1698534474,0.5650,-0.0010,-0.0005650,-2.3728127
1698534479,0.5730,-0.0010,-0.0005730,-2.3756578
1698534484,0.5650,-0.0010,-0.0005650,-2.3785026
1698534489,0.5690,-0.0020,-0.0011380,-2.3827603
1698534494,0.5690,-0.0010,-0.0005690,-2.3870277
1698534499,0.5690,-0.0010,-0.0005690,-2.3898728
1698534504,0.5690,-0.0010,-0.0005690,-2.3927176
1698534509,0.5690,-0.0010,-0.0005690,-2.3955626
1698534514,0.5690,-0.0010,-0.0005690,-2.3984077
1698534519,0.5650,-0.0010,-0.0005650,-2.4012427
1698534524,0.5690,-0.0010,-0.0005690,-2.4040778
1698534529,0.5610,-0.0010,-0.0005610,-2.4069028
1698534534,0.5690,-0.0010,-0.0005690,-2.4097278
1698534539,0.5650,-0.0010,-0.0005650,-2.4125626
1698534544,0.5690,-0.0010,-0.0005690,-2.4153976
1698534549,0.5650,-0.0010,-0.0005650,-2.4182327
1698534554,0.5690,-0.0010,-0.0005690,-2.4210677
1698534559,0.5690,-0.0010,-0.0005690,-2.4239128
1698534564,0.5730,-0.0020,-0.0011460,-2.4282002
1698534569,0.5690,-0.0010,-0.0005690,-2.4324877
1698534574,0.5690,-0.0010,-0.0005690,-2.4353328
1698534579,0.5730,-0.0020,-0.0011460,-2.4396203
1698534584,0.5730,0.0000,0.0000000,-2.4424853
1698534589,0.5730,-0.0020,-0.0011460,-2.4453502
1698534594,0.5690,-0.0010,-0.0005690,-2.4496377
1698534599,0.5770,-0.0010,-0.0005770,-2.4525027
1698534604,0.5730,-0.0010,-0.0005730,-2.4553778
1698534609,0.5690,-0.0010,-0.0005690,-2.4582326
1698534614,0.5690,-0.0010,-0.0005690,-2.4610777
1698534619,0.5770,-0.0010,-0.0005770,-2.4639428
1698534624,0.5730,-0.0010,-0.0005730,-2.4668176
1698534629,0.5730,-0.0010,-0.0005730,-2.4696827
1698534634,0.5730,-0.0010,-0.0005730,-2.4725478
1698534639,0.5650,0.0000,0.0000000,-2.4739802
1698534644,0.5690,-0.0010,-0.0005690,-2.4754028
1698534649,0.5730,0.0000,0.0000000,-2.4768252
1698534654,0.5650,0.0000,0.0000000,-2.4768252
1698534659,0.5690,-0.0010,-0.0005690,-2.4782476
1698534664,0.5690,-0.0010,-0.0005690,-2.4810927
1698534669,0.5690,-0.0010,-0.0005690,-2.4839377
1698534674,0.5650,-0.0010,-0.0005650,-2.4867728
1698534679,0.5690,-0.0010,-0.0005690,-2.4896078
1698534684,0.5690,0.0000,0.0000000,-2.4910302
1698534689,0.5650,-0.0020,-0.0011300,-2.4938552
1698534694,0.5650,-0.0010,-0.0005650,-2.4980927
1698534699,0.5690,-0.0010,-0.0005690,-2.5009277
1698534704,0.5690,-0.0020,-0.0011380,-2.5051951
1698534709,0.5650,-0.0010,-0.0005650,-2.5094528
1698534714,0.5730,-0.0010,-0.0005730,-2.5122976
1698534719,0.5650,-0.0010,-0.0005650,-2.5151427
1698534724,0.5730,-0.0010,-0.0005730,-2.5179877
1698534729,0.5730,-0.0020,-0.0011460,-2.5222852
1698534734,0.5730,-0.0010,-0.0005730,-2.5265827
1698534739,0.5690,-0.0010,-0.0005690,-2.5294378
1698534744,0.5730,-0.0020,-0.0011460,-2.5337253
1698534749,0.5690,-0.0010,-0.0005690,-2.5380127
1698534754,0.5770,-0.0010,-0.0005770,-2.5408778
1698534759,0.5690,-0.0010,-0.0005690,-2.5437427
1698534764,0.5690,-0.0020,-0.0011380,-2.5480101
1698534769,0.5730,-0.0010,-0.0005730,-2.5522878
1698534774,0.5770,-0.0010,-0.0005770,-2.5551627
1698534779,0.5530,-0.0010,-0.0005530,-2.5579877
1698534784,0.5610,0.0000,0.0000000,-2.5593703
1698534789,0.5690,-0.0010,-0.0005690,-2.5607927
1698534794,0.5730,-0.0010,-0.0005730,-2.5636477
1698534799,0.5730,-0.0010,-0.0005730,-2.5665128
1698534804,0.5690,-0.0010,-0.0005690,-2.5693676
1698534809,0.5690,-0.0020,-0.0011380,-2.5736353
1698534814,0.5690,-0.0010,-0.0005690,-2.5779028
1698534819,0.5730,0.0000,0.0000000,-2.5793252
1698534824,0.5650,-0.0010,-0.0005650,-2.5807378
1698534829,0.5650,-0.0010,-0.0005650,-2.5835626
1698534834,0.5730,-0.0010,-0.0005730,-2.5864077
1698534839,0.5690,-0.0020,-0.0011380,-2.5906851
1698534844,0.5690,-0.0010,-0.0005690,-2.5949528
1698534849,0.5650,-0.0020,-0.0011300,-2.5992002
1698534854,0.5690,-0.0010,-0.0005690,-2.6034477
1698534859,0.5690,-0.0010,-0.0005690,-2.6062927
1698534864,0.5690,-0.0010,-0.0005690,-2.6091378
1698534869,0.5730,-0.0010,-0.0005730,-2.6119928
1698534874,0.5730,-0.0010,-0.0005730,-2.6148577
1698534879,0.5770,-0.0010,-0.0005770,-2.6177328
1698534884,0.5730,-0.0010,-0.0005730,-2.6206076
1698534889,0.5730,-0.0020,-0.0011460,-2.6249053
1698534894,0.5770,-0.0010,-0.0005770,-2.6292126
1698534899,0.5770,-0.0020,-0.0011540,-2.6335402
1698534904,0.5770,-0.0010,-0.0005770,-2.6378677
16980,-0.0010,-0.0005770,-2.8443077
1698535284,0.5770,-0.0020,-0.0011540,-2.8486352
1698535289,0.5770,0.0000,0.0000000,-2.8515203
1698535294,0.5770,-0.0010,-0.0005770,-2.8529627
1698535299,0.5770,-0.0010,-0.0005770,-2.8558478
1698535304,0.5730,-0.0010,-0.0005730,-2.8587227
1698535309,0.5690,-0.0010,-0.0005690,-2.8615777
1698535314,0.5730,0.0000,0.0000000,-2.8630002
1698535319,0.5770,-0.0010,-0.0005770,-2.8644428
1698535324,0.5770,-0.0010,-0.0005770,-2.8673277
1698535329,0.5730,0.0000,0.0000000,-2.8687704
1698535334,0.5730,-0.0010,-0.0005730,-2.8702028
1698535339,0.5690,-0.0010,-0.0005690,-2.8730578
1698535344,0.5770,-0.0020,-0.0011540,-2.8773654
1698535349,0.5730,-0.0010,-0.0005730,-2.8816826
1698535354,0.5690,0.0000,0.0000000,-2.8831153
1698535359,0.5770,-0.0010,-0.0005770,-2.8845577
1698535364,0.5730,-0.0010,-0.0005730,-2.8874328
1698535369,0.5690,-0.0010,-0.0005690,-2.8902876
1698535374,0.5730,-0.0010,-0.0005730,-2.8931427
1698535379,0.5730,-0.0010,-0.0005730,-2.8960078
1698535384,0.5690,-0.0020,-0.0011380,-2.9002852
1698535389,0.5730,0.0000,0.0000000,-2.9031303
1698535394,0.5730,-0.0010,-0.0005730,-2.9045627
1698535399,0.5770,-0.0010,-0.0005770,-2.9074378
1698535404,0.5730,-0.0020,-0.0011460,-2.9117453
1698535409,0.5730,-0.0010,-0.0005730,-2.9160428
1698535414,0.5690,-0.0020,-0.0011380,-2.9203203
1698535419,0.5930,-0.0010,-0.0005930,-2.9246478
1698535424,0.6010,-0.0010,-0.0006010,-2.9276328
1698535429,0.5770,-0.0010,-0.0005770,-2.9305778
1698535434,0.5690,-0.0010,-0.0005690,-2.9334428
1698535439,0.5690,-0.0010,-0.0005690,-2.9362876
1698535444,0.5690,-0.0020,-0.0011380,-2.9405553
1698535449,0.5690,-0.0010,-0.0005690,-2.9448228
1698535454,0.5690,-0.0010,-0.0005690,-2.9476678
1698535459,0.5690,-0.0010,-0.0005690,-2.9505126
1698535464,0.5690,-0.0020,-0.0011380,-2.9547803
1698535469,0.5610,-0.0010,-0.0005610,-2.9590278
1698535474,0.5610,-0.0010,-0.0005610,-2.9618328
1698535479,0.5570,-0.0010,-0.0005570,-2.9646277
1698535484,0.5610,-0.0010,-0.0005610,-2.9674227
1698535489,0.5570,-0.0010,-0.0005570,-2.9702177
1698535494,0.5650,-0.0010,-0.0005650,-2.9730227
1698535499,0.5530,-0.0010,-0.0005530,-2.9758177
1698535504,0.5690,-0.0020,-0.0011380,-2.9800453
1698535509,0.5570,-0.0010,-0.0005570,-2.9842827
1698535514,0.5650,0.0000,0.0000000,-2.9856753
1698535519,0.5490,-0.0010,-0.0005490,-2.9870477
1698535524,0.5570,-0.0020,-0.0011140,-2.9912052
1698535529,0.5530,-0.0020,-0.0011060,-2.9967554
1698535534,0.5450,-0.0020,-0.0010900,-3.0022452
1698535539,0.5570,-0.0010,-0.0005570,-3.0063627
1698535544,0.5450,-0.0010,-0.0005450,-3.0091178
1698535549,0.5530,-0.0010,-0.0005530,-3.0118628
1698535554,0.5490,-0.0010,-0.0005490,-3.0146177
1698535559,0.5570,-0.0010,-0.0005570,-3.0173829
1698535564,0.5450,-0.0010,-0.0005450,-3.0201378
1698535569,0.5530,-0.0010,-0.0005530,-3.0228827
1698535574,0.5570,-0.0010,-0.0005570,-3.0256577
1698535579,0.5570,-0.0010,-0.0005570,-3.0284429
1698535584,0.5610,-0.0020,-0.0011220,-3.0326402
1698535589,0.5410,-0.0010,-0.0005410,-3.0367978
1698535594,0.5490,-0.0010,-0.0005490,-3.0395226
1698535599,0.5570,-0.0010,-0.0005570,-3.0422878
1698535604,0.5490,-0.0010,-0.0005490,-3.0450528
1698535609,0.5530,-0.0010,-0.0005530,-3.0478077
1698535614,0.5610,-0.0010,-0.0005610,-3.0505927
1698535619,0.5610,-0.0010,-0.0005610,-3.0533977
1698535624,0.5530,-0.0010,-0.0005530,-3.0561829
1698535629,0.5610,-0.0010,-0.0005610,-3.0589678
1698535634,0.5570,-0.0010,-0.0005570,-3.0617628
1698535639,0.5610,-0.0010,-0.0005610,-3.0645578
1698535644,0.5570,-0.0010,-0.0005570,-3.0673528
1698535649,0.5570,-0.0010,-0.0005570,-3.0701377
1698535654,0.5650,-0.0010,-0.0005650,-3.0729427
1698535659,0.5450,-0.0020,-0.0010900,-3.0770802
1698535664,0.5530,-0.0020,-0.0011060,-3.0825703
1698535669,0.5410,-0.0010,-0.0005410,-3.0866878
1698535674,0.5570,-0.0010,-0.0005570,-3.0894327
1698535679,0.5490,-0.0010,-0.0005490,-3.0921977
1698535684,0.5570,-0.0010,-0.0005570,-3.0949628
1698535689,0.5410,-0.0010,-0.0005410,-3.0977077
1698535694,0.5570,-0.0020,-0.0011140,-3.1018453
1698535699,0.5850,0.0000,0.0000000,-3.1046302
1698535704,0.5770,-0.0010,-0.0005770,-3.1060727
1698535709,0.5490,-0.0020,-0.0010980,-3.1102602
1698535714,0.5450,-0.0010,-0.0005450,-3.1143677
1698535719,0.5490,-0.0010,-0.0005490,-3.1171029
1698535724,0.5530,0.0000,0.0000000,-3.1184752
1698535729,0.5650,-0.0010,-0.0005650,-3.1198878
1698535734,0.5490,-0.0010,-0.0005490,-3.1226728
1698535739,0.5570,-0.0010,-0.0005570,-3.1254377
1698535744,0.5610,-0.0010,-0.0005610,-3.1282327
1698535749,0.5330,-0.0010,-0.0005330,-3.1309679
1698535754,0.5370,-0.0010,-0.0005370,-3.1336427
1698535759,0.5530,-0.0010,-0.0005530,-3.1363678
1698535764,0.5370,-0.0010,-0.0005370,-3.1390927
1698535769,0.5450,-0.0010,-0.0005450,-3.1417978
1698535774,0.5530,-0.0010,-0.0005530,-3.1445427
1698535779,0.5410,-0.0010,-0.0005410,-3.1472778
1698535784,0.5410,-0.0020,-0.0010820,-3.1513352
1698535789,0.5490,-0.0020,-0.0010980,-3.1567852
1698535794,0.5370,-0.0020,-0.0010740,-3.1622152
1698535799,0.5450,-0.0010,-0.0005450,-3.1662629
1698535804,0.5410,-0.0010,-0.0005410,-3.1689777
1698535809,0.5210,-0.0020,-0.0010420,-3.1729352
1698535814,0.5410,-0.0010,-0.0005410,-3.1768928
1698535819,0.5250,-0.0010,-0.0005250,-3.1795578
1698535824,0.5450,-0.0010,-0.0005450,-3.1822329
1698535829,0.5490,-0.0010,-0.0005490,-3.1849678
1698535834,0.5330,-0.0010,-0.0005330,-3.1876729
1698535839,0.5410,-0.0010,-0.0005410,-3.1903577
1698535844,0.5450,-0.0010,-0.0005450,-3.1930728
1698535849,0.5490,-0.0010,-0.0005490,-3.1958077
1698535854,0.5290,-0.0010,-0.0005290,-3.1985028
1698535859,0.5210,-0.0010,-0.0005210,-3.2011278
1698535864,0.5330,-0.0010,-0.0005330,-3.2037628
1698535869,0.5370,-0.0020,-0.0010740,-3.2077804
1698535874,0.5370,-0.0010,-0.0005370,-3.2118077
1698535879,0.5490,-0.0020,-0.0010980,-3.2158952
1698535884,0.5370,-0.0020,-0.0010740,-3.2213254
1698535889,0.5450,-0.0010,-0.0005450,-3.2253728
1698535894,0.5330,-0.0010,-0.0005330,-3.2280679
1698535899,0.5410,-0.0010,-0.0005410,-3.2307527
1698535904,0.5410,-0.0010,-0.0005410,-3.2334578
1698535909,0.5530,-0.0010,-0.0005530,-3.2361927
1698535914,0.5570,-0.0010,-0.0005570,-3.2389679
1698535919,0.5530,0.0000,0.0000000,-3.2403603
1698535924,0.5450,-0.0010,-0.0005450,-3.2417228
1698535929,0.5370,-0.0010,-0.0005370,-3.2444277
1698535934,0.5450,-0.0010,-0.0005450,-3.2471328
1698535939,0.5490,-0.0010,-0.0005490,-3.2498677
1698535944,0.5370,-0.0010,-0.0005370,-3.2525828
1698535949,0.5410,-0.0030,-0.0016230,-3.2579827
1698535954,0.5490,-0.0010,-0.0005490,-3.2634127
1698535959,0.5570,-0.0010,-0.0005570,-3.2661779
1698535964,0.5530,-0.0010,-0.0005530,-3.2689528
1698535969,0.5530,-0.0010,-0.0005530,-3.2717178
1698535974,0.5370,-0.0010,-0.0005370,-3.2744427
1698535979,0.5450,-0.0010,-0.0005450,-3.2771478
1698535984,0.5490,0.0000,0.0000000,-3.2785103
1698535989,0.5610,-0.0010,-0.0005610,-3.2799127
1698535994,0.5410,0.0000,0.0000000,-3.2813153
1698535999,0.5570,-0.0010,-0.0005570,-3.2827077
1698536004,0.5610,-0.0010,-0.0005610,-3.2855027
1698536009,0.5370,-0.0020,-0.0010740,-3.2895904
1698536014,0.5490,-0.0010,-0.0005490,-3.2936478
1698536019,0.5410,0.0000,0.0000000,-3.2950203
1698536024,0.5490,-0.0010,-0.0005490,-3.2963927
1698536029,0.5370,-0.0020,-0.0010740,-3.3004503
1698536034,0.5450,-0.0020,-0.0010900,-3.3058603
1698536039,0.5330,-0.0010,-0.0005330,-3.3099177
1698536044,0.5490,-0.0010,-0.0005490,-3.3126228
1698536049,0.5410,-0.0010,-0.0005410,-3.3153476424,0.5690,-0.0010,-0.0005690,-3.5398829
1698536429,0.5610,-0.0010,-0.0005610,-3.5427079
1698536434,0.5530,-0.0020,-0.0011060,-3.5468752
1698536439,0.5450,-0.0010,-0.0005450,-3.5510027
1698536444,0.5490,0.0000,0.0000000,-3.5523653
1698536449,0.5530,-0.0010,-0.0005530,-3.5537479
1698536454,0.5570,-0.0010,-0.0005570,-3.5565228
1698536459,0.5570,-0.0020,-0.0011140,-3.5607004
1698536464,0.5610,-0.0010,-0.0005610,-3.5648878
1698536469,0.5570,-0.0020,-0.0011140,-3.5690753
1698536474,0.5610,-0.0010,-0.0005610,-3.5732629
1698536479,0.5530,-0.0010,-0.0005530,-3.5760479
1698536484,0.5570,-0.0010,-0.0005570,-3.5788229
1698536489,0.5570,-0.0010,-0.0005570,-3.5816078
1698536494,0.5610,-0